<?xml version="1.0" encoding="UTF-8"?>
<spirit:component xmlns:xilinx="http://www.xilinx.com"
		xmlns:spirit="http://www.spiritconsortium.org/XMLSchema/SPIRIT/1685-2009"
		xmlns:xsi="http://www.w3.org/2001/XMLSchema-instance">
	<spirit:vendor>xilinx.com</spirit:vendor>
	<spirit:library>customized_ip</spirit:library>
	<spirit:name>MIPSfpga_system_util_vector_logic_0_0</spirit:name>
	<spirit:version>1.0</spirit:version>
	<spirit:model>
		<spirit:views>
			<spirit:view>
				<spirit:name>xilinx_veriloginstantiationtemplate</spirit:name>
				<spirit:displayName>Verilog Instantiation Template</spirit:displayName>
				<spirit:envIdentifier>verilogSource:vivado.xilinx.com:synthesis.template</spirit:envIdentifier>
				<spirit:language>verilog</spirit:language>
				<spirit:fileSetRef>
					<spirit:localName>xilinx_veriloginstantiationtemplate_view_fileset</spirit:localName>
				</spirit:fileSetRef>
				<spirit:parameters>
					<spirit:parameter>
						<spirit:name>customizationCRC</spirit:name>
						<spirit:value>c61b3728</spirit:value>
					</spirit:parameter>
					<spirit:parameter>
						<spirit:name>customizationCRCversion</spirit:name>
						<spirit:value>5</spirit:value>
					</spirit:parameter>
					<spirit:parameter>
						<spirit:name>boundaryCRC</spirit:name>
						<spirit:value>2cb6a31c</spirit:value>
					</spirit:parameter>
					<spirit:parameter>
						<spirit:name>boundaryCRCversion</spirit:name>
						<spirit:value>1</spirit:value>
					</spirit:parameter>
					<spirit:parameter>
						<spirit:name>GENtimestamp</spirit:name>
						<spirit:value>Sun Dec 24 03:27:15 UTC 2017</spirit:value>
					</spirit:parameter>
					<spirit:parameter>
						<spirit:name>StaleAtRelink</spirit:name>
						<spirit:value>false</spirit:value>
					</spirit:parameter>
				</spirit:parameters>
			</spirit:view>
			<spirit:view>
				<spirit:name>xilinx_vhdlsynthesis</spirit:name>
				<spirit:displayName>VHDL Synthesis</spirit:displayName>
				<spirit:envIdentifier>vhdlSource:vivado.xilinx.com:synthesis</spirit:envIdentifier>
				<spirit:language>vhdl</spirit:language>
				<spirit:fileSetRef>
					<spirit:localName>xilinx_vhdlsynthesis_view_fileset</spirit:localName>
				</spirit:fileSetRef>
				<spirit:parameters>
					<spirit:parameter>
						<spirit:name>customizationCRC</spirit:name>
						<spirit:value>c61b3728</spirit:value>
					</spirit:parameter>
					<spirit:parameter>
						<spirit:name>customizationCRCversion</spirit:name>
						<spirit:value>5</spirit:value>
					</spirit:parameter>
					<spirit:parameter>
						<spirit:name>boundaryCRC</spirit:name>
						<spirit:value>2cb6a31c</spirit:value>
					</spirit:parameter>
					<spirit:parameter>
						<spirit:name>boundaryCRCversion</spirit:name>
						<spirit:value>1</spirit:value>
					</spirit:parameter>
					<spirit:parameter>
						<spirit:name>GENtimestamp</spirit:name>
						<spirit:value>Sun Dec 24 03:27:15 UTC 2017</spirit:value>
					</spirit:parameter>
					<spirit:parameter>
						<spirit:name>StaleAtRelink</spirit:name>
						<spirit:value>false</spirit:value>
					</spirit:parameter>
				</spirit:parameters>
			</spirit:view>
			<spirit:view>
				<spirit:name>xilinx_vhdlsynthesiswrapper</spirit:name>
				<spirit:displayName>VHDL Synthesis Wrapper</spirit:displayName>
				<spirit:envIdentifier>vhdlSource:vivado.xilinx.com:synthesis.wrapper</spirit:envIdentifier>
				<spirit:language>vhdl</spirit:language>
				<spirit:fileSetRef>
					<spirit:localName>xilinx_vhdlsynthesiswrapper_view_fileset</spirit:localName>
				</spirit:fileSetRef>
				<spirit:parameters>
					<spirit:parameter>
						<spirit:name>customizationCRC</spirit:name>
						<spirit:value>c61b3728</spirit:value>
					</spirit:parameter>
					<spirit:parameter>
						<spirit:name>customizationCRCversion</spirit:name>
						<spirit:value>5</spirit:value>
					</spirit:parameter>
					<spirit:parameter>
						<spirit:name>boundaryCRC</spirit:name>
						<spirit:value>2cb6a31c</spirit:value>
					</spirit:parameter>
					<spirit:parameter>
						<spirit:name>boundaryCRCversion</spirit:name>
						<spirit:value>1</spirit:value>
					</spirit:parameter>
					<spirit:parameter>
						<spirit:name>GENtimestamp</spirit:name>
						<spirit:value>Sun Dec 24 03:27:15 UTC 2017</spirit:value>
					</spirit:parameter>
					<spirit:parameter>
						<spirit:name>StaleAtRelink</spirit:name>
						<spirit:value>false</spirit:value>
					</spirit:parameter>
				</spirit:parameters>
			</spirit:view>
			<spirit:view>
				<spirit:name>xilinx_vhdlbehavioralsimulation</spirit:name>
				<spirit:displayName>VHDL Simulation</spirit:displayName>
				<spirit:envIdentifier>vhdlSource:vivado.xilinx.com:simulation</spirit:envIdentifier>
				<spirit:language>vhdl</spirit:language>
				<spirit:fileSetRef>
					<spirit:localName>xilinx_vhdlbehavioralsimulation_view_fileset</spirit:localName>
				</spirit:fileSetRef>
				<spirit:parameters>
					<spirit:parameter>
						<spirit:name>customizationCRC</spirit:name>
						<spirit:value>d4190af7</spirit:value>
					</spirit:parameter>
					<spirit:parameter>
						<spirit:name>customizationCRCversion</spirit:name>
						<spirit:value>5</spirit:value>
					</spirit:parameter>
					<spirit:parameter>
						<spirit:name>boundaryCRC</spirit:name>
						<spirit:value>2cb6a31c</spirit:value>
					</spirit:parameter>
					<spirit:parameter>
						<spirit:name>boundaryCRCversion</spirit:name>
						<spirit:value>1</spirit:value>
					</spirit:parameter>
					<spirit:parameter>
						<spirit:name>GENtimestamp</spirit:name>
						<spirit:value>Sun Dec 24 03:27:15 UTC 2017</spirit:value>
					</spirit:parameter>
					<spirit:parameter>
						<spirit:name>StaleAtRelink</spirit:name>
						<spirit:value>false</spirit:value>
					</spirit:parameter>
				</spirit:parameters>
			</spirit:view>
			<spirit:view>
				<spirit:name>xilinx_vhdlsimulationwrapper</spirit:name>
				<spirit:displayName>VHDL Simulation Wrapper</spirit:displayName>
				<spirit:envIdentifier>vhdlSource:vivado.xilinx.com:simulation.wrapper</spirit:envIdentifier>
				<spirit:language>vhdl</spirit:language>
				<spirit:fileSetRef>
					<spirit:localName>xilinx_vhdlsimulationwrapper_view_fileset</spirit:localName>
				</spirit:fileSetRef>
				<spirit:parameters>
					<spirit:parameter>
						<spirit:name>customizationCRC</spirit:name>
						<spirit:value>d4190af7</spirit:value>
					</spirit:parameter>
					<spirit:parameter>
						<spirit:name>customizationCRCversion</spirit:name>
						<spirit:value>5</spirit:value>
					</spirit:parameter>
					<spirit:parameter>
						<spirit:name>boundaryCRC</spirit:name>
						<spirit:value>2cb6a31c</spirit:value>
					</spirit:parameter>
					<spirit:parameter>
						<spirit:name>boundaryCRCversion</spirit:name>
						<spirit:value>1</spirit:value>
					</spirit:parameter>
					<spirit:parameter>
						<spirit:name>GENtimestamp</spirit:name>
						<spirit:value>Sun Dec 24 03:27:15 UTC 2017</spirit:value>
					</spirit:parameter>
					<spirit:parameter>
						<spirit:name>StaleAtRelink</spirit:name>
						<spirit:value>false</spirit:value>
					</spirit:parameter>
				</spirit:parameters>
			</spirit:view>
			<spirit:view>
				<spirit:name>xilinx_versioninformation</spirit:name>
				<spirit:displayName>Version Information</spirit:displayName>
				<spirit:envIdentifier>:vivado.xilinx.com:docs.versioninfo</spirit:envIdentifier>
				<spirit:fileSetRef>
					<spirit:localName>xilinx_versioninformation_view_fileset</spirit:localName>
				</spirit:fileSetRef>
				<spirit:parameters>
					<spirit:parameter>
						<spirit:name>customizationCRC</spirit:name>
						<spirit:value>c61b3728</spirit:value>
					</spirit:parameter>
					<spirit:parameter>
						<spirit:name>customizationCRCversion</spirit:name>
						<spirit:value>5</spirit:value>
					</spirit:parameter>
					<spirit:parameter>
						<spirit:name>boundaryCRC</spirit:name>
						<spirit:value>2cb6a31c</spirit:value>
					</spirit:parameter>
					<spirit:parameter>
						<spirit:name>boundaryCRCversion</spirit:name>
						<spirit:value>1</spirit:value>
					</spirit:parameter>
					<spirit:parameter>
						<spirit:name>GENtimestamp</spirit:name>
						<spirit:value>Sun Dec 24 03:27:15 UTC 2017</spirit:value>
					</spirit:parameter>
					<spirit:parameter>
						<spirit:name>StaleAtRelink</spirit:name>
						<spirit:value>false</spirit:value>
					</spirit:parameter>
				</spirit:parameters>
			</spirit:view>
		</spirit:views>
		<spirit:ports>
			<spirit:port>
				<spirit:name>Op1</spirit:name>
				<spirit:wire>
					<spirit:direction>in</spirit:direction>
					<spirit:vector>
						<spirit:left spirit:format="long"
								spirit:resolve="dependent"
								spirit:dependency="(spirit:decode(id(&apos;MODELPARAM_VALUE.C_SIZE&apos;)) - 1)">0</spirit:left>
						<spirit:right spirit:format="long"
								spirit:resolve="immediate">0</spirit:right>
					</spirit:vector>
					<spirit:wireTypeDefs>
						<spirit:wireTypeDef>
							<spirit:typeName>std_logic_vector</spirit:typeName>
							<spirit:viewNameRef>xilinx_vhdlsynthesis</spirit:viewNameRef>
							<spirit:viewNameRef>xilinx_vhdlbehavioralsimulation</spirit:viewNameRef>
						</spirit:wireTypeDef>
					</spirit:wireTypeDefs>
				</spirit:wire>
			</spirit:port>
			<spirit:port>
				<spirit:name>Op2</spirit:name>
				<spirit:wire>
					<spirit:direction>in</spirit:direction>
					<spirit:vector>
						<spirit:left spirit:format="long"
								spirit:resolve="dependent"
								spirit:dependency="(spirit:decode(id(&apos;MODELPARAM_VALUE.C_SIZE&apos;)) - 1)">0</spirit:left>
						<spirit:right spirit:format="long"
								spirit:resolve="immediate">0</spirit:right>
					</spirit:vector>
					<spirit:wireTypeDefs>
						<spirit:wireTypeDef>
							<spirit:typeName>std_logic_vector</spirit:typeName>
							<spirit:viewNameRef>xilinx_vhdlsynthesis</spirit:viewNameRef>
							<spirit:viewNameRef>xilinx_vhdlbehavioralsimulation</spirit:viewNameRef>
						</spirit:wireTypeDef>
					</spirit:wireTypeDefs>
				</spirit:wire>
				<spirit:vendorExtensions>
					<xilinx:portInfo>
						<xilinx:enablement>
							<xilinx:presence>optional</xilinx:presence>
							<xilinx:isEnabled xilinx:resolve="dependent"
									xilinx:dependency="(spirit:decode(id(&apos;MODELPARAM_VALUE.C_OPERATION&apos;)) != &apos;not&apos;)">false</xilinx:isEnabled>
						</xilinx:enablement>
					</xilinx:portInfo>
				</spirit:vendorExtensions>
			</spirit:port>
			<spirit:port>
				<spirit:name>Res</spirit:name>
				<spirit:wire>
					<spirit:direction>out</spirit:direction>
					<spirit:vector>
						<spirit:left spirit:format="long"
								spirit:resolve="dependent"
								spirit:dependency="(spirit:decode(id(&apos;MODELPARAM_VALUE.C_SIZE&apos;)) - 1)">0</spirit:left>
						<spirit:right spirit:format="long"
								spirit:resolve="immediate">0</spirit:right>
					</spirit:vector>
					<spirit:wireTypeDefs>
						<spirit:wireTypeDef>
							<spirit:typeName>std_logic_vector</spirit:typeName>
							<spirit:viewNameRef>xilinx_vhdlsynthesis</spirit:viewNameRef>
							<spirit:viewNameRef>xilinx_vhdlbehavioralsimulation</spirit:viewNameRef>
						</spirit:wireTypeDef>
					</spirit:wireTypeDefs>
				</spirit:wire>
			</spirit:port>
		</spirit:ports>
		<spirit:modelParameters>
			<spirit:modelParameter xsi:type="spirit:nameValueTypeType"
					spirit:dataType="string">
				<spirit:name>C_OPERATION</spirit:name>
				<spirit:displayName>C Operation</spirit:displayName>
				<spirit:value spirit:format="string"
						spirit:resolve="generated"
						spirit:id="MODELPARAM_VALUE.C_OPERATION">not</spirit:value>
			</spirit:modelParameter>
			<spirit:modelParameter spirit:dataType="integer">
				<spirit:name>C_SIZE</spirit:name>
				<spirit:displayName>C Size</spirit:displayName>
				<spirit:value spirit:format="long"
						spirit:resolve="generated"
						spirit:id="MODELPARAM_VALUE.C_SIZE">1</spirit:value>
			</spirit:modelParameter>
		</spirit:modelParameters>
	</spirit:model>
	<spirit:choices>
		<spirit:choice>
			<spirit:name>choices_0</spirit:name>
			<spirit:enumeration spirit:text="and">and</spirit:enumeration>
			<spirit:enumeration spirit:text="or">or</spirit:enumeration>
			<spirit:enumeration spirit:text="xor">xor</spirit:enumeration>
			<spirit:enumeration spirit:text="not">not</spirit:enumeration>
		</spirit:choice>
	</spirit:choices>
	<spirit:fileSets>
		<spirit:fileSet>
			<spirit:name>xilinx_veriloginstantiationtemplate_view_fileset</spirit:name>
			<spirit:file>
				<spirit:name>MIPSfpga_system_util_vector_logic_0_0.veo</spirit:name>
				<spirit:userFileType>verilogTemplate</spirit:userFileType>
			</spirit:file>
		</spirit:fileSet>
		<spirit:fileSet>
			<spirit:name>xilinx_vhdlsynthesis_view_fileset</spirit:name>
			<spirit:file>
				<spirit:name>../../../../ipshared/xilinx.com/util_vector_logic_v2_0/5ac42227/hdl/util_vector_logic.vhd</spirit:name>
				<spirit:fileType>vhdlSource</spirit:fileType>
				<spirit:logicalName>util_vector_logic_v2_0</spirit:logicalName>
			</spirit:file>
		</spirit:fileSet>
		<spirit:fileSet>
			<spirit:name>xilinx_vhdlsynthesiswrapper_view_fileset</spirit:name>
			<spirit:file>
				<spirit:name>synth/MIPSfpga_system_util_vector_logic_0_0.vhd</spirit:name>
				<spirit:fileType>vhdlSource</spirit:fileType>
				<spirit:logicalName>xil_defaultlib</spirit:logicalName>
			</spirit:file>
		</spirit:fileSet>
		<spirit:fileSet>
			<spirit:name>xilinx_vhdlbehavioralsimulation_view_fileset</spirit:name>
			<spirit:file>
				<spirit:name>../../../../ipshared/xilinx.com/util_vector_logic_v2_0/5ac42227/hdl/util_vector_logic.vhd</spirit:name>
				<spirit:fileType>vhdlSource</spirit:fileType>
				<spirit:logicalName>util_vector_logic_v2_0</spirit:logicalName>
			</spirit:file>
		</spirit:fileSet>
		<spirit:fileSet>
			<spirit:name>xilinx_vhdlsimulationwrapper_view_fileset</spirit:name>
			<spirit:file>
				<spirit:name>sim/MIPSfpga_system_util_vector_logic_0_0.vhd</spirit:name>
				<spirit:fileType>vhdlSource</spirit:fileType>
				<spirit:logicalName>xil_defaultlib</spirit:logicalName>
			</spirit:file>
		</spirit:fileSet>
		<spirit:fileSet>
			<spirit:name>xilinx_versioninformation_view_fileset</spirit:name>
			<spirit:file>
				<spirit:name>doc/util_vector_logic_v2_0_changelog.txt</spirit:name>
				<spirit:userFileType>text</spirit:userFileType>
			</spirit:file>
		</spirit:fileSet>
	</spirit:fileSets>
	<spirit:description>Performs bitwise logic operations on two n-bit inputs to produce a single n-bit output </spirit:description>
	<spirit:parameters>
		<spirit:parameter>
			<spirit:name>C_SIZE</spirit:name>
			<spirit:displayName>C Size</spirit:displayName>
			<spirit:value spirit:format="long"
					spirit:resolve="user"
					spirit:id="PARAM_VALUE.C_SIZE"
					spirit:order="1100">1</spirit:value>
		</spirit:parameter>
		<spirit:parameter>
			<spirit:name>C_OPERATION</spirit:name>
			<spirit:displayName>C Operation</spirit:displayName>
			<spirit:value spirit:format="string"
					spirit:resolve="user"
					spirit:id="PARAM_VALUE.C_OPERATION"
					spirit:choiceRef="choices_0"
					spirit:order="1200">not</spirit:value>
		</spirit:parameter>
		<spirit:parameter>
			<spirit:name>Component_Name</spirit:name>
			<spirit:value spirit:resolve="user"
					spirit:id="PARAM_VALUE.Component_Name"
					spirit:order="1">MIPSfpga_system_util_vector_logic_0_0</spirit:value>
		</spirit:parameter>
	</spirit:parameters>
	<spirit:vendorExtensions>
		<xilinx:coreExtensions>
			<xilinx:supportedFamilies>
				<xilinx:family xilinx:lifeCycle="Production">aartix7</xilinx:family>
				<xilinx:family xilinx:lifeCycle="Production">artix7</xilinx:family>
				<xilinx:family xilinx:lifeCycle="Production">artix7l</xilinx:family>
				<xilinx:family xilinx:lifeCycle="Production">azynq</xilinx:family>
				<xilinx:family xilinx:lifeCycle="Production">kintex7l</xilinx:family>
				<xilinx:family xilinx:lifeCycle="Production">qartix7</xilinx:family>
				<xilinx:family xilinx:lifeCycle="Production">qkintex7</xilinx:family>
				<xilinx:family xilinx:lifeCycle="Production">qkintex7l</xilinx:family>
				<xilinx:family xilinx:lifeCycle="Production">qvirtex7</xilinx:family>
				<xilinx:family xilinx:lifeCycle="Production">qzynq</xilinx:family>
				<xilinx:family xilinx:lifeCycle="Production">virtex7</xilinx:family>
				<xilinx:family xilinx:lifeCycle="Production">zynq</xilinx:family>
				<xilinx:family xilinx:lifeCycle="Production">kintex7</xilinx:family>
				<xilinx:family xilinx:lifeCycle="Production">kintexu</xilinx:family>
				<xilinx:family xilinx:lifeCycle="Production">virtexu</xilinx:family>
			</xilinx:supportedFamilies>
			<xilinx:taxonomies>
				<xilinx:taxonomy>/BaseIP</xilinx:taxonomy>
			</xilinx:taxonomies>
			<xilinx:displayName>Utility Vector Logic</xilinx:displayName>
			<xilinx:designToolContexts>
				<xilinx:designToolContext>IPI</xilinx:designToolContext>
			</xilinx:designToolContexts>
			<xilinx:vendorDisplayName>Xilinx</xilinx:vendorDisplayName>
			<xilinx:vendorURL>http://www.xilinx.com</xilinx:vendorURL>
			<xilinx:coreRevision>0</xilinx:coreRevision>
			<xilinx:coreCreationDateTime>2014-10-03T23:01:11Z</xilinx:coreCreationDateTime>
			<xilinx:tags/>
			<xilinx:configElementInfos>
				<xilinx:configElementInfo xilinx:referenceId="PARAM_VALUE.C_OPERATION"
						xilinx:valueSource="user"/>
				<xilinx:configElementInfo xilinx:referenceId="PARAM_VALUE.C_SIZE"
						xilinx:valueSource="user"/>
			</xilinx:configElementInfos>
		</xilinx:coreExtensions>
		<xilinx:packagingInfo>
			<xilinx:xilinxVersion>2014.4.0</xilinx:xilinxVersion>
			<xilinx:checksum xilinx:scope="fileGroups"
					xilinx:value="eeef9965"/>
			<xilinx:checksum xilinx:scope="ports"
					xilinx:value="6c26f45c"/>
			<xilinx:checksum xilinx:scope="hdlParameters"
					xilinx:value="3bb9b115"/>
			<xilinx:checksum xilinx:scope="parameters"
					xilinx:value="136543be"/>
		</xilinx:packagingInfo>
	</spirit:vendorExtensions>
</spirit:component>