<?xml version="1.0" encoding="UTF-8" ?>
<webTalkData  fileName='usage_statistics_webtalk.xml'  majorVersion='1' minorVersion='0' timeStamp='Tue Jun 11 23:18:46 2019'>
<section name="__ROOT__" level="0" order="1" description="">
 <section name="software_version_and_target_device" level="1" order="1" description="">
  <keyValuePair key="beta" value="FALSE" description="" />
  <keyValuePair key="build_version" value="1266856" description="" />
  <keyValuePair key="date_generated" value="Tue Jun 11 23:18:46 2019" description="" />
  <keyValuePair key="os_platform" value="LIN64" description="" />
  <keyValuePair key="product_version" value="Vivado v2015.2 (64-bit)" description="" />
  <keyValuePair key="project_id" value="a726f658034a40a29d8ff452005703ce" description="" />
  <keyValuePair key="project_iteration" value="0" description="" />
  <keyValuePair key="random_id" value="8cc7f81ce0a85765884f2c1b7b57669d" description="" />
  <keyValuePair key="registration_id" value="211539665_0_0_343" description="" />
  <keyValuePair key="route_design" value="TRUE" description="" />
  <keyValuePair key="target_device" value="xc7a100t" description="" />
  <keyValuePair key="target_family" value="artix7" description="" />
  <keyValuePair key="target_package" value="csg324" description="" />
  <keyValuePair key="target_speed" value="-1" description="" />
  <keyValuePair key="tool_flow" value="Vivado" description="" />
 </section>
 <section name="user_environment" level="1" order="2" description="">
  <keyValuePair key="cpu_name" value="Intel(R) Core(TM) i5-7200U CPU @ 2.50GHz" description="" />
  <keyValuePair key="cpu_speed" value="1926.204 MHz" description="" />
  <keyValuePair key="os_name" value="Ubuntu" description="" />
  <keyValuePair key="os_release" value="Ubuntu 18.04.2 LTS" description="" />
  <keyValuePair key="system_ram" value="8.000 GB" description="" />
  <keyValuePair key="total_processors" value="1" description="" />
 </section>
 <section name="ip_statistics" level="1" order="3" description="">
  <section name="IP_Integrator/1" level="2" order="1" description="">
   <keyValuePair key="iptotal" value="1" description="" />
   <keyValuePair key="maxhierdepth" value="0" description="" />
   <keyValuePair key="numblks" value="35" description="" />
   <keyValuePair key="numhierblks" value="9" description="" />
   <keyValuePair key="numnonxlnxblks" value="1" description="" />
   <keyValuePair key="numreposblks" value="26" description="" />
   <keyValuePair key="synth_mode" value="Global" description="" />
   <keyValuePair key="x_iplanguage" value="VERILOG" description="" />
   <keyValuePair key="x_iplibrary" value="BlockDiagram" description="" />
   <keyValuePair key="x_ipname" value="MIPSfpga_system" description="" />
   <keyValuePair key="x_ipproduct" value="Vivado 2015.2" description="" />
   <keyValuePair key="x_ipvendor" value="xilinx.com" description="" />
   <keyValuePair key="x_ipversion" value="1.00.a" description="" />
  </section>
  <section name="PWM_w_Int_v1_0/1" level="2" order="2" description="">
   <keyValuePair key="c_s00_axi_addr_width" value="4" description="" />
   <keyValuePair key="c_s00_axi_data_width" value="32" description="" />
   <keyValuePair key="iptotal" value="1" description="" />
   <keyValuePair key="x_ipcorerevision" value="2" description="" />
   <keyValuePair key="x_iplanguage" value="VERILOG" description="" />
   <keyValuePair key="x_iplibrary" value="user" description="" />
   <keyValuePair key="x_ipname" value="PWM_w_Int" description="" />
   <keyValuePair key="x_ipproduct" value="Vivado 2015.2" description="" />
   <keyValuePair key="x_ipsimlanguage" value="MIXED" description="" />
   <keyValuePair key="x_ipvendor" value="xilinx.com" description="" />
   <keyValuePair key="x_ipversion" value="1.0" description="" />
  </section>
  <section name="Segment_v1_0/1" level="2" order="3" description="">
   <keyValuePair key="c_s00_axi_addr_width" value="4" description="" />
   <keyValuePair key="c_s00_axi_data_width" value="32" description="" />
   <keyValuePair key="iptotal" value="1" description="" />
   <keyValuePair key="x_ipcorerevision" value="1" description="" />
   <keyValuePair key="x_iplanguage" value="VERILOG" description="" />
   <keyValuePair key="x_iplibrary" value="user" description="" />
   <keyValuePair key="x_ipname" value="Segment" description="" />
   <keyValuePair key="x_ipproduct" value="Vivado 2015.2" description="" />
   <keyValuePair key="x_ipsimlanguage" value="MIXED" description="" />
   <keyValuePair key="x_ipvendor" value="xilinx.com" description="" />
   <keyValuePair key="x_ipversion" value="1.0" description="" />
  </section>
  <section name="ahblite_axi_bridge/1" level="2" order="4" description="">
   <keyValuePair key="c_ahb_axi_timeout" value="256" description="" />
   <keyValuePair key="c_family" value="artix7" description="" />
   <keyValuePair key="c_instance" value="MIPSfpga_system_ahblite_axi_bridge_0_0" description="" />
   <keyValuePair key="c_m_axi_addr_width" value="32" description="" />
   <keyValuePair key="c_m_axi_data_width" value="32" description="" />
   <keyValuePair key="c_m_axi_non_secure" value="1" description="" />
   <keyValuePair key="c_m_axi_protocol" value="AXI4" description="" />
   <keyValuePair key="c_m_axi_supports_narrow_burst" value="0" description="" />
   <keyValuePair key="c_m_axi_thread_id_width" value="4" description="" />
   <keyValuePair key="c_s_ahb_addr_width" value="32" description="" />
   <keyValuePair key="c_s_ahb_data_width" value="32" description="" />
   <keyValuePair key="iptotal" value="1" description="" />
   <keyValuePair key="x_ipcorerevision" value="3" description="" />
   <keyValuePair key="x_iplanguage" value="VERILOG" description="" />
   <keyValuePair key="x_iplibrary" value="ip" description="" />
   <keyValuePair key="x_ipname" value="ahblite_axi_bridge" description="" />
   <keyValuePair key="x_ipproduct" value="Vivado 2015.2" description="" />
   <keyValuePair key="x_ipsimlanguage" value="MIXED" description="" />
   <keyValuePair key="x_ipvendor" value="xilinx.com" description="" />
   <keyValuePair key="x_ipversion" value="3.0" description="" />
  </section>
  <section name="axi_bram_ctrl/1" level="2" order="5" description="">
   <keyValuePair key="c_bram_addr_width" value="11" description="" />
   <keyValuePair key="c_bram_inst_mode" value="EXTERNAL" description="" />
   <keyValuePair key="c_ecc" value="0" description="" />
   <keyValuePair key="c_ecc_onoff_reset_value" value="0" description="" />
   <keyValuePair key="c_ecc_type" value="0" description="" />
   <keyValuePair key="c_family" value="artix7" description="" />
   <keyValuePair key="c_fault_inject" value="0" description="" />
   <keyValuePair key="c_memory_depth" value="2048" description="" />
   <keyValuePair key="c_s_axi_addr_width" value="13" description="" />
   <keyValuePair key="c_s_axi_ctrl_addr_width" value="32" description="" />
   <keyValuePair key="c_s_axi_ctrl_data_width" value="32" description="" />
   <keyValuePair key="c_s_axi_data_width" value="32" description="" />
   <keyValuePair key="c_s_axi_id_width" value="4" description="" />
   <keyValuePair key="c_s_axi_protocol" value="AXI4" description="" />
   <keyValuePair key="c_s_axi_supports_narrow_burst" value="0" description="" />
   <keyValuePair key="c_single_port_bram" value="1" description="" />
   <keyValuePair key="iptotal" value="1" description="" />
   <keyValuePair key="x_ipcorerevision" value="4" description="" />
   <keyValuePair key="x_iplanguage" value="VERILOG" description="" />
   <keyValuePair key="x_iplibrary" value="ip" description="" />
   <keyValuePair key="x_ipname" value="axi_bram_ctrl" description="" />
   <keyValuePair key="x_ipproduct" value="Vivado 2015.2" description="" />
   <keyValuePair key="x_ipsimlanguage" value="MIXED" description="" />
   <keyValuePair key="x_ipvendor" value="xilinx.com" description="" />
   <keyValuePair key="x_ipversion" value="4.0" description="" />
  </section>
  <section name="axi_bram_ctrl/2" level="2" order="6" description="">
   <keyValuePair key="c_bram_addr_width" value="14" description="" />
   <keyValuePair key="c_bram_inst_mode" value="EXTERNAL" description="" />
   <keyValuePair key="c_ecc" value="0" description="" />
   <keyValuePair key="c_ecc_onoff_reset_value" value="0" description="" />
   <keyValuePair key="c_ecc_type" value="0" description="" />
   <keyValuePair key="c_family" value="artix7" description="" />
   <keyValuePair key="c_fault_inject" value="0" description="" />
   <keyValuePair key="c_memory_depth" value="16384" description="" />
   <keyValuePair key="c_s_axi_addr_width" value="16" description="" />
   <keyValuePair key="c_s_axi_ctrl_addr_width" value="32" description="" />
   <keyValuePair key="c_s_axi_ctrl_data_width" value="32" description="" />
   <keyValuePair key="c_s_axi_data_width" value="32" description="" />
   <keyValuePair key="c_s_axi_id_width" value="4" description="" />
   <keyValuePair key="c_s_axi_protocol" value="AXI4" description="" />
   <keyValuePair key="c_s_axi_supports_narrow_burst" value="0" description="" />
   <keyValuePair key="c_single_port_bram" value="1" description="" />
   <keyValuePair key="iptotal" value="1" description="" />
   <keyValuePair key="x_ipcorerevision" value="4" description="" />
   <keyValuePair key="x_iplanguage" value="VERILOG" description="" />
   <keyValuePair key="x_iplibrary" value="ip" description="" />
   <keyValuePair key="x_ipname" value="axi_bram_ctrl" description="" />
   <keyValuePair key="x_ipproduct" value="Vivado 2015.2" description="" />
   <keyValuePair key="x_ipsimlanguage" value="MIXED" description="" />
   <keyValuePair key="x_ipvendor" value="xilinx.com" description="" />
   <keyValuePair key="x_ipversion" value="4.0" description="" />
  </section>
  <section name="axi_crossbar_v2_1_axi_crossbar/1" level="2" order="7" description="">
   <keyValuePair key="c_axi_addr_width" value="32" description="" />
   <keyValuePair key="c_axi_aruser_width" value="1" description="" />
   <keyValuePair key="c_axi_awuser_width" value="1" description="" />
   <keyValuePair key="c_axi_buser_width" value="1" description="" />
   <keyValuePair key="c_axi_data_width" value="32" description="" />
   <keyValuePair key="c_axi_id_width" value="4" description="" />
   <keyValuePair key="c_axi_protocol" value="0" description="" />
   <keyValuePair key="c_axi_ruser_width" value="1" description="" />
   <keyValuePair key="c_axi_supports_user_signals" value="0" description="" />
   <keyValuePair key="c_axi_wuser_width" value="1" description="" />
   <keyValuePair key="c_connectivity_mode" value="1" description="" />
   <keyValuePair key="c_family" value="artix7" description="" />
   <keyValuePair key="c_m_axi_addr_width" value="0x00000010000000100000001000000010000000100000000d00000010" description="" />
   <keyValuePair key="c_m_axi_base_addr" value="0x0000000011a000000000000010a000000000000010c0000000000000000000000000000010400000000000001fc000000000000010600000" description="" />
   <keyValuePair key="c_m_axi_read_connectivity" value="0x00000001000000010000000100000001000000010000000100000001" description="" />
   <keyValuePair key="c_m_axi_read_issuing" value="0x00000002000000020000000200000002000000020000000200000002" description="" />
   <keyValuePair key="c_m_axi_secure" value="0x00000000000000000000000000000000000000000000000000000000" description="" />
   <keyValuePair key="c_m_axi_write_connectivity" value="0x00000001000000010000000100000001000000010000000100000001" description="" />
   <keyValuePair key="c_m_axi_write_issuing" value="0x00000002000000020000000200000002000000020000000200000002" description="" />
   <keyValuePair key="c_num_addr_ranges" value="1" description="" />
   <keyValuePair key="c_num_master_slots" value="7" description="" />
   <keyValuePair key="c_num_slave_slots" value="1" description="" />
   <keyValuePair key="c_r_register" value="0" description="" />
   <keyValuePair key="c_s_axi_arb_priority" value="0x00000000" description="" />
   <keyValuePair key="c_s_axi_base_id" value="0x00000000" description="" />
   <keyValuePair key="c_s_axi_read_acceptance" value="0x00000002" description="" />
   <keyValuePair key="c_s_axi_single_thread" value="0x00000000" description="" />
   <keyValuePair key="c_s_axi_thread_id_width" value="0x00000004" description="" />
   <keyValuePair key="c_s_axi_write_acceptance" value="0x00000002" description="" />
   <keyValuePair key="iptotal" value="1" description="" />
   <keyValuePair key="x_ipcorerevision" value="6" description="" />
   <keyValuePair key="x_iplanguage" value="VERILOG" description="" />
   <keyValuePair key="x_iplibrary" value="ip" description="" />
   <keyValuePair key="x_ipname" value="axi_crossbar" description="" />
   <keyValuePair key="x_ipproduct" value="Vivado 2015.2" description="" />
   <keyValuePair key="x_ipsimlanguage" value="MIXED" description="" />
   <keyValuePair key="x_ipvendor" value="xilinx.com" description="" />
   <keyValuePair key="x_ipversion" value="2.1" description="" />
  </section>
  <section name="axi_gpio/1" level="2" order="8" description="">
   <keyValuePair key="c_all_inputs" value="0" description="" />
   <keyValuePair key="c_all_inputs_2" value="1" description="" />
   <keyValuePair key="c_all_outputs" value="1" description="" />
   <keyValuePair key="c_all_outputs_2" value="0" description="" />
   <keyValuePair key="c_dout_default" value="0x00000000" description="" />
   <keyValuePair key="c_dout_default_2" value="0x00000000" description="" />
   <keyValuePair key="c_family" value="artix7" description="" />
   <keyValuePair key="c_gpio2_width" value="16" description="" />
   <keyValuePair key="c_gpio_width" value="16" description="" />
   <keyValuePair key="c_interrupt_present" value="0" description="" />
   <keyValuePair key="c_is_dual" value="1" description="" />
   <keyValuePair key="c_s_axi_addr_width" value="9" description="" />
   <keyValuePair key="c_s_axi_data_width" value="32" description="" />
   <keyValuePair key="c_tri_default" value="0xFFFFFFFF" description="" />
   <keyValuePair key="c_tri_default_2" value="0xFFFFFFFF" description="" />
   <keyValuePair key="iptotal" value="1" description="" />
   <keyValuePair key="x_ipcorerevision" value="7" description="" />
   <keyValuePair key="x_iplanguage" value="VERILOG" description="" />
   <keyValuePair key="x_iplibrary" value="ip" description="" />
   <keyValuePair key="x_ipname" value="axi_gpio" description="" />
   <keyValuePair key="x_ipproduct" value="Vivado 2015.2" description="" />
   <keyValuePair key="x_ipsimlanguage" value="MIXED" description="" />
   <keyValuePair key="x_ipvendor" value="xilinx.com" description="" />
   <keyValuePair key="x_ipversion" value="2.0" description="" />
  </section>
  <section name="axi_iic/1" level="2" order="9" description="">
   <keyValuePair key="c_default_value" value="0x00" description="" />
   <keyValuePair key="c_family" value="artix7" description="" />
   <keyValuePair key="c_gpo_width" value="1" description="" />
   <keyValuePair key="c_iic_freq" value="100000" description="" />
   <keyValuePair key="c_s_axi_aclk_freq_hz" value="100000000" description="" />
   <keyValuePair key="c_s_axi_addr_width" value="9" description="" />
   <keyValuePair key="c_s_axi_data_width" value="32" description="" />
   <keyValuePair key="c_scl_inertial_delay" value="0" description="" />
   <keyValuePair key="c_sda_inertial_delay" value="0" description="" />
   <keyValuePair key="c_sda_level" value="1" description="" />
   <keyValuePair key="c_smbus_pmbus_host" value="0" description="" />
   <keyValuePair key="c_ten_bit_adr" value="0" description="" />
   <keyValuePair key="iptotal" value="1" description="" />
   <keyValuePair key="x_ipcorerevision" value="8" description="" />
   <keyValuePair key="x_iplanguage" value="VERILOG" description="" />
   <keyValuePair key="x_iplibrary" value="ip" description="" />
   <keyValuePair key="x_ipname" value="axi_iic" description="" />
   <keyValuePair key="x_ipproduct" value="Vivado 2015.2" description="" />
   <keyValuePair key="x_ipsimlanguage" value="MIXED" description="" />
   <keyValuePair key="x_ipvendor" value="xilinx.com" description="" />
   <keyValuePair key="x_ipversion" value="2.0" description="" />
  </section>
  <section name="axi_protocol_converter_v2_1_axi_protocol_converter/1" level="2" order="10" description="">
   <keyValuePair key="c_axi_addr_width" value="32" description="" />
   <keyValuePair key="c_axi_aruser_width" value="1" description="" />
   <keyValuePair key="c_axi_awuser_width" value="1" description="" />
   <keyValuePair key="c_axi_buser_width" value="1" description="" />
   <keyValuePair key="c_axi_data_width" value="32" description="" />
   <keyValuePair key="c_axi_id_width" value="4" description="" />
   <keyValuePair key="c_axi_ruser_width" value="1" description="" />
   <keyValuePair key="c_axi_supports_read" value="1" description="" />
   <keyValuePair key="c_axi_supports_user_signals" value="0" description="" />
   <keyValuePair key="c_axi_supports_write" value="1" description="" />
   <keyValuePair key="c_axi_wuser_width" value="1" description="" />
   <keyValuePair key="c_family" value="artix7" description="" />
   <keyValuePair key="c_ignore_id" value="0" description="" />
   <keyValuePair key="c_m_axi_protocol" value="2" description="" />
   <keyValuePair key="c_s_axi_protocol" value="0" description="" />
   <keyValuePair key="c_translation_mode" value="2" description="" />
   <keyValuePair key="iptotal" value="1" description="" />
   <keyValuePair key="x_ipcorerevision" value="5" description="" />
   <keyValuePair key="x_iplanguage" value="VERILOG" description="" />
   <keyValuePair key="x_iplibrary" value="ip" description="" />
   <keyValuePair key="x_ipname" value="axi_protocol_converter" description="" />
   <keyValuePair key="x_ipproduct" value="Vivado 2015.2" description="" />
   <keyValuePair key="x_ipsimlanguage" value="MIXED" description="" />
   <keyValuePair key="x_ipvendor" value="xilinx.com" description="" />
   <keyValuePair key="x_ipversion" value="2.1" description="" />
  </section>
  <section name="axi_protocol_converter_v2_1_axi_protocol_converter/2" level="2" order="11" description="">
   <keyValuePair key="c_axi_addr_width" value="13" description="" />
   <keyValuePair key="c_axi_aruser_width" value="1" description="" />
   <keyValuePair key="c_axi_awuser_width" value="1" description="" />
   <keyValuePair key="c_axi_buser_width" value="1" description="" />
   <keyValuePair key="c_axi_data_width" value="32" description="" />
   <keyValuePair key="c_axi_id_width" value="4" description="" />
   <keyValuePair key="c_axi_ruser_width" value="1" description="" />
   <keyValuePair key="c_axi_supports_read" value="1" description="" />
   <keyValuePair key="c_axi_supports_user_signals" value="0" description="" />
   <keyValuePair key="c_axi_supports_write" value="1" description="" />
   <keyValuePair key="c_axi_wuser_width" value="1" description="" />
   <keyValuePair key="c_family" value="artix7" description="" />
   <keyValuePair key="c_ignore_id" value="0" description="" />
   <keyValuePair key="c_m_axi_protocol" value="2" description="" />
   <keyValuePair key="c_s_axi_protocol" value="0" description="" />
   <keyValuePair key="c_translation_mode" value="2" description="" />
   <keyValuePair key="iptotal" value="1" description="" />
   <keyValuePair key="x_ipcorerevision" value="5" description="" />
   <keyValuePair key="x_iplanguage" value="VERILOG" description="" />
   <keyValuePair key="x_iplibrary" value="ip" description="" />
   <keyValuePair key="x_ipname" value="axi_protocol_converter" description="" />
   <keyValuePair key="x_ipproduct" value="Vivado 2015.2" description="" />
   <keyValuePair key="x_ipsimlanguage" value="MIXED" description="" />
   <keyValuePair key="x_ipvendor" value="xilinx.com" description="" />
   <keyValuePair key="x_ipversion" value="2.1" description="" />
  </section>
  <section name="axi_protocol_converter_v2_1_axi_protocol_converter/3" level="2" order="12" description="">
   <keyValuePair key="c_axi_addr_width" value="32" description="" />
   <keyValuePair key="c_axi_aruser_width" value="1" description="" />
   <keyValuePair key="c_axi_awuser_width" value="1" description="" />
   <keyValuePair key="c_axi_buser_width" value="1" description="" />
   <keyValuePair key="c_axi_data_width" value="32" description="" />
   <keyValuePair key="c_axi_id_width" value="4" description="" />
   <keyValuePair key="c_axi_ruser_width" value="1" description="" />
   <keyValuePair key="c_axi_supports_read" value="1" description="" />
   <keyValuePair key="c_axi_supports_user_signals" value="0" description="" />
   <keyValuePair key="c_axi_supports_write" value="1" description="" />
   <keyValuePair key="c_axi_wuser_width" value="1" description="" />
   <keyValuePair key="c_family" value="artix7" description="" />
   <keyValuePair key="c_ignore_id" value="0" description="" />
   <keyValuePair key="c_m_axi_protocol" value="2" description="" />
   <keyValuePair key="c_s_axi_protocol" value="0" description="" />
   <keyValuePair key="c_translation_mode" value="2" description="" />
   <keyValuePair key="iptotal" value="1" description="" />
   <keyValuePair key="x_ipcorerevision" value="5" description="" />
   <keyValuePair key="x_iplanguage" value="VERILOG" description="" />
   <keyValuePair key="x_iplibrary" value="ip" description="" />
   <keyValuePair key="x_ipname" value="axi_protocol_converter" description="" />
   <keyValuePair key="x_ipproduct" value="Vivado 2015.2" description="" />
   <keyValuePair key="x_ipsimlanguage" value="MIXED" description="" />
   <keyValuePair key="x_ipvendor" value="xilinx.com" description="" />
   <keyValuePair key="x_ipversion" value="2.1" description="" />
  </section>
  <section name="axi_protocol_converter_v2_1_axi_protocol_converter/4" level="2" order="13" description="">
   <keyValuePair key="c_axi_addr_width" value="32" description="" />
   <keyValuePair key="c_axi_aruser_width" value="1" description="" />
   <keyValuePair key="c_axi_awuser_width" value="1" description="" />
   <keyValuePair key="c_axi_buser_width" value="1" description="" />
   <keyValuePair key="c_axi_data_width" value="32" description="" />
   <keyValuePair key="c_axi_id_width" value="4" description="" />
   <keyValuePair key="c_axi_ruser_width" value="1" description="" />
   <keyValuePair key="c_axi_supports_read" value="1" description="" />
   <keyValuePair key="c_axi_supports_user_signals" value="0" description="" />
   <keyValuePair key="c_axi_supports_write" value="1" description="" />
   <keyValuePair key="c_axi_wuser_width" value="1" description="" />
   <keyValuePair key="c_family" value="artix7" description="" />
   <keyValuePair key="c_ignore_id" value="0" description="" />
   <keyValuePair key="c_m_axi_protocol" value="2" description="" />
   <keyValuePair key="c_s_axi_protocol" value="0" description="" />
   <keyValuePair key="c_translation_mode" value="2" description="" />
   <keyValuePair key="iptotal" value="1" description="" />
   <keyValuePair key="x_ipcorerevision" value="5" description="" />
   <keyValuePair key="x_iplanguage" value="VERILOG" description="" />
   <keyValuePair key="x_iplibrary" value="ip" description="" />
   <keyValuePair key="x_ipname" value="axi_protocol_converter" description="" />
   <keyValuePair key="x_ipproduct" value="Vivado 2015.2" description="" />
   <keyValuePair key="x_ipsimlanguage" value="MIXED" description="" />
   <keyValuePair key="x_ipvendor" value="xilinx.com" description="" />
   <keyValuePair key="x_ipversion" value="2.1" description="" />
  </section>
  <section name="axi_protocol_converter_v2_1_axi_protocol_converter/5" level="2" order="14" description="">
   <keyValuePair key="c_axi_addr_width" value="32" description="" />
   <keyValuePair key="c_axi_aruser_width" value="1" description="" />
   <keyValuePair key="c_axi_awuser_width" value="1" description="" />
   <keyValuePair key="c_axi_buser_width" value="1" description="" />
   <keyValuePair key="c_axi_data_width" value="32" description="" />
   <keyValuePair key="c_axi_id_width" value="4" description="" />
   <keyValuePair key="c_axi_ruser_width" value="1" description="" />
   <keyValuePair key="c_axi_supports_read" value="1" description="" />
   <keyValuePair key="c_axi_supports_user_signals" value="0" description="" />
   <keyValuePair key="c_axi_supports_write" value="1" description="" />
   <keyValuePair key="c_axi_wuser_width" value="1" description="" />
   <keyValuePair key="c_family" value="artix7" description="" />
   <keyValuePair key="c_ignore_id" value="0" description="" />
   <keyValuePair key="c_m_axi_protocol" value="2" description="" />
   <keyValuePair key="c_s_axi_protocol" value="0" description="" />
   <keyValuePair key="c_translation_mode" value="2" description="" />
   <keyValuePair key="iptotal" value="1" description="" />
   <keyValuePair key="x_ipcorerevision" value="5" description="" />
   <keyValuePair key="x_iplanguage" value="VERILOG" description="" />
   <keyValuePair key="x_iplibrary" value="ip" description="" />
   <keyValuePair key="x_ipname" value="axi_protocol_converter" description="" />
   <keyValuePair key="x_ipproduct" value="Vivado 2015.2" description="" />
   <keyValuePair key="x_ipsimlanguage" value="MIXED" description="" />
   <keyValuePair key="x_ipvendor" value="xilinx.com" description="" />
   <keyValuePair key="x_ipversion" value="2.1" description="" />
  </section>
  <section name="axi_uart16550/1" level="2" order="15" description="">
   <keyValuePair key="c_external_xin_clk_hz" value="25000000" description="" />
   <keyValuePair key="c_family" value="artix7" description="" />
   <keyValuePair key="c_has_external_rclk" value="0" description="" />
   <keyValuePair key="c_has_external_xin" value="0" description="" />
   <keyValuePair key="c_is_a_16550" value="1" description="" />
   <keyValuePair key="c_s_axi_aclk_freq_hz" value="100000000" description="" />
   <keyValuePair key="c_s_axi_addr_width" value="13" description="" />
   <keyValuePair key="c_s_axi_data_width" value="32" description="" />
   <keyValuePair key="iptotal" value="1" description="" />
   <keyValuePair key="x_ipcorerevision" value="7" description="" />
   <keyValuePair key="x_iplanguage" value="VERILOG" description="" />
   <keyValuePair key="x_iplibrary" value="ip" description="" />
   <keyValuePair key="x_ipname" value="axi_uart16550" description="" />
   <keyValuePair key="x_ipproduct" value="Vivado 2015.2" description="" />
   <keyValuePair key="x_ipsimlanguage" value="MIXED" description="" />
   <keyValuePair key="x_ipvendor" value="xilinx.com" description="" />
   <keyValuePair key="x_ipversion" value="2.0" description="" />
  </section>
  <section name="blk_mem_gen_v8_2/1" level="2" order="16" description="">
   <keyValuePair key="c_addra_width" value="13" description="" />
   <keyValuePair key="c_addrb_width" value="13" description="" />
   <keyValuePair key="c_algorithm" value="1" description="" />
   <keyValuePair key="c_axi_id_width" value="4" description="" />
   <keyValuePair key="c_axi_slave_type" value="0" description="" />
   <keyValuePair key="c_axi_type" value="1" description="" />
   <keyValuePair key="c_byte_size" value="9" description="" />
   <keyValuePair key="c_common_clk" value="0" description="" />
   <keyValuePair key="c_count_18k_bram" value="1" description="" />
   <keyValuePair key="c_count_36k_bram" value="7" description="" />
   <keyValuePair key="c_ctrl_ecc_algo" value="NONE" description="" />
   <keyValuePair key="c_default_data" value="0" description="" />
   <keyValuePair key="c_disable_warn_bhv_coll" value="0" description="" />
   <keyValuePair key="c_disable_warn_bhv_range" value="0" description="" />
   <keyValuePair key="c_elaboration_dir" value="./" description="" />
   <keyValuePair key="c_en_deepsleep_pin" value="0" description="" />
   <keyValuePair key="c_en_ecc_pipe" value="0" description="" />
   <keyValuePair key="c_en_rdaddra_chg" value="0" description="" />
   <keyValuePair key="c_en_rdaddrb_chg" value="0" description="" />
   <keyValuePair key="c_en_shutdown_pin" value="0" description="" />
   <keyValuePair key="c_en_sleep_pin" value="0" description="" />
   <keyValuePair key="c_enable_32bit_address" value="0" description="" />
   <keyValuePair key="c_est_power_summary" value="Estimated Power for IP     _     11.408575 mW" description="" />
   <keyValuePair key="c_family" value="artix7" description="" />
   <keyValuePair key="c_has_axi_id" value="0" description="" />
   <keyValuePair key="c_has_ena" value="1" description="" />
   <keyValuePair key="c_has_enb" value="0" description="" />
   <keyValuePair key="c_has_injecterr" value="0" description="" />
   <keyValuePair key="c_has_mem_output_regs_a" value="0" description="" />
   <keyValuePair key="c_has_mem_output_regs_b" value="0" description="" />
   <keyValuePair key="c_has_mux_output_regs_a" value="0" description="" />
   <keyValuePair key="c_has_mux_output_regs_b" value="0" description="" />
   <keyValuePair key="c_has_regcea" value="0" description="" />
   <keyValuePair key="c_has_regceb" value="0" description="" />
   <keyValuePair key="c_has_rsta" value="0" description="" />
   <keyValuePair key="c_has_rstb" value="0" description="" />
   <keyValuePair key="c_has_softecc_input_regs_a" value="0" description="" />
   <keyValuePair key="c_has_softecc_output_regs_b" value="0" description="" />
   <keyValuePair key="c_init_file" value="NONE" description="" />
   <keyValuePair key="c_init_file_name" value="[user-defined]" description="" />
   <keyValuePair key="c_inita_val" value="0" description="" />
   <keyValuePair key="c_initb_val" value="0" description="" />
   <keyValuePair key="c_interface_type" value="0" description="" />
   <keyValuePair key="c_load_init_file" value="1" description="" />
   <keyValuePair key="c_mem_type" value="0" description="" />
   <keyValuePair key="c_mux_pipeline_stages" value="0" description="" />
   <keyValuePair key="c_prim_type" value="1" description="" />
   <keyValuePair key="c_read_depth_a" value="8192" description="" />
   <keyValuePair key="c_read_depth_b" value="8192" description="" />
   <keyValuePair key="c_read_width_a" value="32" description="" />
   <keyValuePair key="c_read_width_b" value="32" description="" />
   <keyValuePair key="c_rst_priority_a" value="CE" description="" />
   <keyValuePair key="c_rst_priority_b" value="CE" description="" />
   <keyValuePair key="c_rstram_a" value="0" description="" />
   <keyValuePair key="c_rstram_b" value="0" description="" />
   <keyValuePair key="c_sim_collision_check" value="ALL" description="" />
   <keyValuePair key="c_use_bram_block" value="0" description="" />
   <keyValuePair key="c_use_byte_wea" value="0" description="" />
   <keyValuePair key="c_use_byte_web" value="0" description="" />
   <keyValuePair key="c_use_default_data" value="0" description="" />
   <keyValuePair key="c_use_ecc" value="0" description="" />
   <keyValuePair key="c_use_softecc" value="0" description="" />
   <keyValuePair key="c_use_uram" value="0" description="" />
   <keyValuePair key="c_wea_width" value="1" description="" />
   <keyValuePair key="c_web_width" value="1" description="" />
   <keyValuePair key="c_write_depth_a" value="8192" description="" />
   <keyValuePair key="c_write_depth_b" value="8192" description="" />
   <keyValuePair key="c_write_mode_a" value="WRITE_FIRST" description="" />
   <keyValuePair key="c_write_mode_b" value="WRITE_FIRST" description="" />
   <keyValuePair key="c_write_width_a" value="32" description="" />
   <keyValuePair key="c_write_width_b" value="32" description="" />
   <keyValuePair key="c_xdevicefamily" value="artix7" description="" />
   <keyValuePair key="iptotal" value="1" description="" />
   <keyValuePair key="x_ipcorerevision" value="6" description="" />
   <keyValuePair key="x_iplanguage" value="VERILOG" description="" />
   <keyValuePair key="x_iplibrary" value="ip" description="" />
   <keyValuePair key="x_ipname" value="blk_mem_gen" description="" />
   <keyValuePair key="x_ipproduct" value="Vivado 2015.2" description="" />
   <keyValuePair key="x_ipsimlanguage" value="MIXED" description="" />
   <keyValuePair key="x_ipvendor" value="xilinx.com" description="" />
   <keyValuePair key="x_ipversion" value="8.2" description="" />
  </section>
  <section name="blk_mem_gen_v8_2/2" level="2" order="17" description="">
   <keyValuePair key="c_addra_width" value="16" description="" />
   <keyValuePair key="c_addrb_width" value="16" description="" />
   <keyValuePair key="c_algorithm" value="1" description="" />
   <keyValuePair key="c_axi_id_width" value="4" description="" />
   <keyValuePair key="c_axi_slave_type" value="0" description="" />
   <keyValuePair key="c_axi_type" value="1" description="" />
   <keyValuePair key="c_byte_size" value="9" description="" />
   <keyValuePair key="c_common_clk" value="0" description="" />
   <keyValuePair key="c_count_18k_bram" value="0" description="" />
   <keyValuePair key="c_count_36k_bram" value="58" description="" />
   <keyValuePair key="c_ctrl_ecc_algo" value="NONE" description="" />
   <keyValuePair key="c_default_data" value="0" description="" />
   <keyValuePair key="c_disable_warn_bhv_coll" value="0" description="" />
   <keyValuePair key="c_disable_warn_bhv_range" value="0" description="" />
   <keyValuePair key="c_elaboration_dir" value="./" description="" />
   <keyValuePair key="c_en_deepsleep_pin" value="0" description="" />
   <keyValuePair key="c_en_ecc_pipe" value="0" description="" />
   <keyValuePair key="c_en_rdaddra_chg" value="0" description="" />
   <keyValuePair key="c_en_rdaddrb_chg" value="0" description="" />
   <keyValuePair key="c_en_shutdown_pin" value="0" description="" />
   <keyValuePair key="c_en_sleep_pin" value="0" description="" />
   <keyValuePair key="c_enable_32bit_address" value="0" description="" />
   <keyValuePair key="c_est_power_summary" value="Estimated Power for IP     _     19.294452 mW" description="" />
   <keyValuePair key="c_family" value="artix7" description="" />
   <keyValuePair key="c_has_axi_id" value="0" description="" />
   <keyValuePair key="c_has_ena" value="1" description="" />
   <keyValuePair key="c_has_enb" value="0" description="" />
   <keyValuePair key="c_has_injecterr" value="0" description="" />
   <keyValuePair key="c_has_mem_output_regs_a" value="0" description="" />
   <keyValuePair key="c_has_mem_output_regs_b" value="0" description="" />
   <keyValuePair key="c_has_mux_output_regs_a" value="0" description="" />
   <keyValuePair key="c_has_mux_output_regs_b" value="0" description="" />
   <keyValuePair key="c_has_regcea" value="0" description="" />
   <keyValuePair key="c_has_regceb" value="0" description="" />
   <keyValuePair key="c_has_rsta" value="0" description="" />
   <keyValuePair key="c_has_rstb" value="0" description="" />
   <keyValuePair key="c_has_softecc_input_regs_a" value="0" description="" />
   <keyValuePair key="c_has_softecc_output_regs_b" value="0" description="" />
   <keyValuePair key="c_init_file" value="NONE" description="" />
   <keyValuePair key="c_init_file_name" value="no_coe_file_loaded" description="" />
   <keyValuePair key="c_inita_val" value="0" description="" />
   <keyValuePair key="c_initb_val" value="0" description="" />
   <keyValuePair key="c_interface_type" value="0" description="" />
   <keyValuePair key="c_load_init_file" value="0" description="" />
   <keyValuePair key="c_mem_type" value="0" description="" />
   <keyValuePair key="c_mux_pipeline_stages" value="0" description="" />
   <keyValuePair key="c_prim_type" value="1" description="" />
   <keyValuePair key="c_read_depth_a" value="65536" description="" />
   <keyValuePair key="c_read_depth_b" value="65536" description="" />
   <keyValuePair key="c_read_width_a" value="32" description="" />
   <keyValuePair key="c_read_width_b" value="32" description="" />
   <keyValuePair key="c_rst_priority_a" value="CE" description="" />
   <keyValuePair key="c_rst_priority_b" value="CE" description="" />
   <keyValuePair key="c_rstram_a" value="0" description="" />
   <keyValuePair key="c_rstram_b" value="0" description="" />
   <keyValuePair key="c_sim_collision_check" value="ALL" description="" />
   <keyValuePair key="c_use_bram_block" value="0" description="" />
   <keyValuePair key="c_use_byte_wea" value="0" description="" />
   <keyValuePair key="c_use_byte_web" value="0" description="" />
   <keyValuePair key="c_use_default_data" value="0" description="" />
   <keyValuePair key="c_use_ecc" value="0" description="" />
   <keyValuePair key="c_use_softecc" value="0" description="" />
   <keyValuePair key="c_use_uram" value="0" description="" />
   <keyValuePair key="c_wea_width" value="1" description="" />
   <keyValuePair key="c_web_width" value="1" description="" />
   <keyValuePair key="c_write_depth_a" value="65536" description="" />
   <keyValuePair key="c_write_depth_b" value="65536" description="" />
   <keyValuePair key="c_write_mode_a" value="WRITE_FIRST" description="" />
   <keyValuePair key="c_write_mode_b" value="WRITE_FIRST" description="" />
   <keyValuePair key="c_write_width_a" value="32" description="" />
   <keyValuePair key="c_write_width_b" value="32" description="" />
   <keyValuePair key="c_xdevicefamily" value="artix7" description="" />
   <keyValuePair key="iptotal" value="1" description="" />
   <keyValuePair key="x_ipcorerevision" value="6" description="" />
   <keyValuePair key="x_iplanguage" value="VERILOG" description="" />
   <keyValuePair key="x_iplibrary" value="ip" description="" />
   <keyValuePair key="x_ipname" value="blk_mem_gen" description="" />
   <keyValuePair key="x_ipproduct" value="Vivado 2015.2" description="" />
   <keyValuePair key="x_ipsimlanguage" value="MIXED" description="" />
   <keyValuePair key="x_ipvendor" value="xilinx.com" description="" />
   <keyValuePair key="x_ipversion" value="8.2" description="" />
  </section>
  <section name="clk_wiz_v5_1/1" level="2" order="18" description="">
   <keyValuePair key="clkin1_period" value="10.0" description="" />
   <keyValuePair key="clkin2_period" value="10.0" description="" />
   <keyValuePair key="clock_mgr_type" value="NA" description="" />
   <keyValuePair key="component_name" value="MIPSfpga_system_clk_wiz_0_0" description="" />
   <keyValuePair key="enable_axi" value="0" description="" />
   <keyValuePair key="feedback_source" value="FDBK_AUTO" description="" />
   <keyValuePair key="feedback_type" value="SINGLE" description="" />
   <keyValuePair key="iptotal" value="1" description="" />
   <keyValuePair key="manual_override" value="false" description="" />
   <keyValuePair key="num_out_clk" value="1" description="" />
   <keyValuePair key="primitive" value="PLL" description="" />
   <keyValuePair key="use_dyn_phase_shift" value="false" description="" />
   <keyValuePair key="use_dyn_reconfig" value="false" description="" />
   <keyValuePair key="use_inclk_stopped" value="false" description="" />
   <keyValuePair key="use_inclk_switchover" value="false" description="" />
   <keyValuePair key="use_locked" value="false" description="" />
   <keyValuePair key="use_max_i_jitter" value="false" description="" />
   <keyValuePair key="use_min_o_jitter" value="false" description="" />
   <keyValuePair key="use_phase_alignment" value="true" description="" />
   <keyValuePair key="use_power_down" value="false" description="" />
   <keyValuePair key="use_reset" value="false" description="" />
  </section>
  <section name="util_ds_buf/1" level="2" order="19" description="">
   <keyValuePair key="c_buf_type" value="BUFG" description="" />
   <keyValuePair key="c_size" value="1" description="" />
   <keyValuePair key="iptotal" value="1" description="" />
   <keyValuePair key="x_ipcorerevision" value="0" description="" />
   <keyValuePair key="x_iplanguage" value="VERILOG" description="" />
   <keyValuePair key="x_iplibrary" value="ip" description="" />
   <keyValuePair key="x_ipname" value="util_ds_buf" description="" />
   <keyValuePair key="x_ipproduct" value="Vivado 2015.2" description="" />
   <keyValuePair key="x_ipsimlanguage" value="MIXED" description="" />
   <keyValuePair key="x_ipvendor" value="xilinx.com" description="" />
   <keyValuePair key="x_ipversion" value="2.1" description="" />
  </section>
  <section name="util_vector_logic/1" level="2" order="20" description="">
   <keyValuePair key="c_operation" value="not" description="" />
   <keyValuePair key="c_size" value="1" description="" />
   <keyValuePair key="iptotal" value="1" description="" />
   <keyValuePair key="x_ipcorerevision" value="0" description="" />
   <keyValuePair key="x_iplanguage" value="VERILOG" description="" />
   <keyValuePair key="x_iplibrary" value="ip" description="" />
   <keyValuePair key="x_ipname" value="util_vector_logic" description="" />
   <keyValuePair key="x_ipproduct" value="Vivado 2015.2" description="" />
   <keyValuePair key="x_ipsimlanguage" value="MIXED" description="" />
   <keyValuePair key="x_ipvendor" value="xilinx.com" description="" />
   <keyValuePair key="x_ipversion" value="2.0" description="" />
  </section>
  <section name="util_vector_logic/2" level="2" order="21" description="">
   <keyValuePair key="c_operation" value="not" description="" />
   <keyValuePair key="c_size" value="1" description="" />
   <keyValuePair key="iptotal" value="1" description="" />
   <keyValuePair key="x_ipcorerevision" value="0" description="" />
   <keyValuePair key="x_iplanguage" value="VERILOG" description="" />
   <keyValuePair key="x_iplibrary" value="ip" description="" />
   <keyValuePair key="x_ipname" value="util_vector_logic" description="" />
   <keyValuePair key="x_ipproduct" value="Vivado 2015.2" description="" />
   <keyValuePair key="x_ipsimlanguage" value="MIXED" description="" />
   <keyValuePair key="x_ipvendor" value="xilinx.com" description="" />
   <keyValuePair key="x_ipversion" value="2.0" description="" />
  </section>
  <section name="xlconcat/1" level="2" order="22" description="">
   <keyValuePair key="dout_width" value="8" description="" />
   <keyValuePair key="in0_width" value="1" description="" />
   <keyValuePair key="in10_width" value="1" description="" />
   <keyValuePair key="in11_width" value="1" description="" />
   <keyValuePair key="in12_width" value="1" description="" />
   <keyValuePair key="in13_width" value="1" description="" />
   <keyValuePair key="in14_width" value="1" description="" />
   <keyValuePair key="in15_width" value="1" description="" />
   <keyValuePair key="in16_width" value="1" description="" />
   <keyValuePair key="in17_width" value="1" description="" />
   <keyValuePair key="in18_width" value="1" description="" />
   <keyValuePair key="in19_width" value="1" description="" />
   <keyValuePair key="in1_width" value="1" description="" />
   <keyValuePair key="in20_width" value="1" description="" />
   <keyValuePair key="in21_width" value="1" description="" />
   <keyValuePair key="in22_width" value="1" description="" />
   <keyValuePair key="in23_width" value="1" description="" />
   <keyValuePair key="in24_width" value="1" description="" />
   <keyValuePair key="in25_width" value="1" description="" />
   <keyValuePair key="in26_width" value="1" description="" />
   <keyValuePair key="in27_width" value="1" description="" />
   <keyValuePair key="in28_width" value="1" description="" />
   <keyValuePair key="in29_width" value="1" description="" />
   <keyValuePair key="in2_width" value="1" description="" />
   <keyValuePair key="in30_width" value="1" description="" />
   <keyValuePair key="in31_width" value="1" description="" />
   <keyValuePair key="in3_width" value="1" description="" />
   <keyValuePair key="in4_width" value="1" description="" />
   <keyValuePair key="in5_width" value="1" description="" />
   <keyValuePair key="in6_width" value="1" description="" />
   <keyValuePair key="in7_width" value="1" description="" />
   <keyValuePair key="in8_width" value="1" description="" />
   <keyValuePair key="in9_width" value="1" description="" />
   <keyValuePair key="iptotal" value="1" description="" />
   <keyValuePair key="num_ports" value="8" description="" />
   <keyValuePair key="x_ipcorerevision" value="1" description="" />
   <keyValuePair key="x_iplanguage" value="VERILOG" description="" />
   <keyValuePair key="x_iplibrary" value="ip" description="" />
   <keyValuePair key="x_ipname" value="xlconcat" description="" />
   <keyValuePair key="x_ipproduct" value="Vivado 2015.2" description="" />
   <keyValuePair key="x_ipsimlanguage" value="MIXED" description="" />
   <keyValuePair key="x_ipvendor" value="xilinx.com" description="" />
   <keyValuePair key="x_ipversion" value="2.1" description="" />
  </section>
 </section>
 <section name="placer" level="1" order="4" description="">
  <section name="usage" level="2" order="1" description="">
   <keyValuePair key="bogomips" value="5424" description="" />
   <keyValuePair key="bram18" value="28" description="" />
   <keyValuePair key="bram36" value="65" description="" />
   <keyValuePair key="bufg" value="0" description="" />
   <keyValuePair key="bufr" value="0" description="" />
   <keyValuePair key="ctrls" value="563" description="" />
   <keyValuePair key="dsp" value="0" description="" />
   <keyValuePair key="effort" value="2" description="" />
   <keyValuePair key="ff" value="11831" description="" />
   <keyValuePair key="global_clocks" value="4" description="" />
   <keyValuePair key="iob" value="62" description="" />
   <keyValuePair key="lut" value="13855" description="" />
   <keyValuePair key="movable_instances" value="30474" description="" />
   <keyValuePair key="nets" value="38087" description="" />
   <keyValuePair key="pins" value="177136" description="" />
   <keyValuePair key="placer_runtime" value="48.450000" description="" />
   <keyValuePair key="placer_timing_driven" value="1" description="" />
   <keyValuePair key="pll" value="1" description="" />
   <keyValuePair key="threads" value="4" description="" />
   <keyValuePair key="timing_constraints_exist" value="1" description="" />
  </section>
 </section>
 <section name="power_opt_design" level="1" order="5" description="">
  <section name="command_line_options_spo" level="2" order="1" description="">
   <keyValuePair key="-cell_types" value="default::all" description="" />
   <keyValuePair key="-clocks" value="default::[not_specified]" description="" />
   <keyValuePair key="-exclude_cells" value="default::[not_specified]" description="" />
   <keyValuePair key="-include_cells" value="default::[not_specified]" description="" />
  </section>
  <section name="usage" level="2" order="2" description="">
   <keyValuePair key="bram_ports_augmented" value="5" description="" />
   <keyValuePair key="bram_ports_newly_gated" value="1" description="" />
   <keyValuePair key="bram_ports_total" value="186" description="" />
   <keyValuePair key="flow_state" value="default" description="" />
   <keyValuePair key="slice_registers_augmented" value="0" description="" />
   <keyValuePair key="slice_registers_newly_gated" value="0" description="" />
   <keyValuePair key="slice_registers_total" value="11830" description="" />
   <keyValuePair key="srls_augmented" value="0" description="" />
   <keyValuePair key="srls_newly_gated" value="0" description="" />
   <keyValuePair key="srls_total" value="311" description="" />
  </section>
 </section>
 <section name="report_power" level="1" order="6" description="">
  <section name="command_line_options" level="2" order="1" description="">
   <keyValuePair key="-append" value="default::[not_specified]" description="" />
   <keyValuePair key="-file" value="[specified]" description="" />
   <keyValuePair key="-format" value="default::text" description="" />
   <keyValuePair key="-hier" value="default::power" description="" />
   <keyValuePair key="-l" value="default::[not_specified]" description="" />
   <keyValuePair key="-name" value="default::[not_specified]" description="" />
   <keyValuePair key="-no_propagation" value="default::[not_specified]" description="" />
   <keyValuePair key="-return_string" value="default::[not_specified]" description="" />
   <keyValuePair key="-verbose" value="default::[not_specified]" description="" />
   <keyValuePair key="-vid" value="default::[not_specified]" description="" />
   <keyValuePair key="-xpe" value="default::[not_specified]" description="" />
  </section>
  <section name="usage" level="2" order="2" description="">
   <keyValuePair key="airflow" value="250 (LFM)" description="" />
   <keyValuePair key="ambient_temp" value="25.0 (C)" description="" />
   <keyValuePair key="bi-dir_toggle" value="12.500000" description="" />
   <keyValuePair key="bidir_output_enable" value="1.000000" description="" />
   <keyValuePair key="board_layers" value="12to15 (12 to 15 Layers)" description="" />
   <keyValuePair key="board_selection" value="medium (10&quot;x10&quot;)" description="" />
   <keyValuePair key="bram" value="0.019158" description="" />
   <keyValuePair key="clocks" value="0.202455" description="" />
   <keyValuePair key="confidence_level_clock_activity" value="High" description="" />
   <keyValuePair key="confidence_level_design_state" value="High" description="" />
   <keyValuePair key="confidence_level_device_models" value="High" description="" />
   <keyValuePair key="confidence_level_internal_activity" value="Medium" description="" />
   <keyValuePair key="confidence_level_io_activity" value="Low" description="" />
   <keyValuePair key="confidence_level_overall" value="Low" description="" />
   <keyValuePair key="customer" value="TBD" description="" />
   <keyValuePair key="customer_class" value="TBD" description="" />
   <keyValuePair key="devstatic" value="0.101826" description="" />
   <keyValuePair key="die" value="xc7a100tcsg324-1" description="" />
   <keyValuePair key="dsp_output_toggle" value="12.500000" description="" />
   <keyValuePair key="dynamic" value="0.205471" description="" />
   <keyValuePair key="effective_thetaja" value="4.6" description="" />
   <keyValuePair key="enable_probability" value="0.990000" description="" />
   <keyValuePair key="family" value="artix7" description="" />
   <keyValuePair key="ff_toggle" value="12.500000" description="" />
   <keyValuePair key="flow_state" value="routed" description="" />
   <keyValuePair key="heatsink" value="medium (Medium Profile)" description="" />
   <keyValuePair key="i/o" value="0.015121" description="" />
   <keyValuePair key="input_toggle" value="12.500000" description="" />
   <keyValuePair key="junction_temp" value="26.4 (C)" description="" />
   <keyValuePair key="logic" value="0.021148" description="" />
   <keyValuePair key="mgtavcc_dynamic_current" value="0.000000" description="" />
   <keyValuePair key="mgtavcc_static_current" value="0.000000" description="" />
   <keyValuePair key="mgtavcc_total_current" value="0.000000" description="" />
   <keyValuePair key="mgtavcc_voltage" value="1.000000" description="" />
   <keyValuePair key="mgtavtt_dynamic_current" value="0.000000" description="" />
   <keyValuePair key="mgtavtt_static_current" value="0.000000" description="" />
   <keyValuePair key="mgtavtt_total_current" value="0.000000" description="" />
   <keyValuePair key="mgtavtt_voltage" value="1.200000" description="" />
   <keyValuePair key="netlist_net_matched" value="NA" description="" />
   <keyValuePair key="off-chip_power" value="0.000000" description="" />
   <keyValuePair key="on-chip_power" value="0.307297" description="" />
   <keyValuePair key="output_enable" value="1.000000" description="" />
   <keyValuePair key="output_load" value="5.000000" description="" />
   <keyValuePair key="output_toggle" value="12.500000" description="" />
   <keyValuePair key="package" value="csg324" description="" />
   <keyValuePair key="pct_clock_constrained" value="10.660000" description="" />
   <keyValuePair key="pct_inputs_defined" value="3" description="" />
   <keyValuePair key="platform" value="lin64" description="" />
   <keyValuePair key="pll" value="0.095949" description="" />
   <keyValuePair key="process" value="typical" description="" />
   <keyValuePair key="ram_enable" value="50.000000" description="" />
   <keyValuePair key="ram_write" value="50.000000" description="" />
   <keyValuePair key="read_saif" value="False" description="" />
   <keyValuePair key="set/reset_probability" value="0.000000" description="" />
   <keyValuePair key="signal_rate" value="False" description="" />
   <keyValuePair key="signals" value="0.031433" description="" />
   <keyValuePair key="simulation_file" value="None" description="" />
   <keyValuePair key="speedgrade" value="-1" description="" />
   <keyValuePair key="static_prob" value="False" description="" />
   <keyValuePair key="temp_grade" value="commercial" description="" />
   <keyValuePair key="thetajb" value="5.7 (C/W)" description="" />
   <keyValuePair key="thetasa" value="4.6 (C/W)" description="" />
   <keyValuePair key="toggle_rate" value="False" description="" />
   <keyValuePair key="user_board_temp" value="25.0 (C)" description="" />
   <keyValuePair key="user_effective_thetaja" value="4.6" description="" />
   <keyValuePair key="user_junc_temp" value="26.4 (C)" description="" />
   <keyValuePair key="user_thetajb" value="5.7 (C/W)" description="" />
   <keyValuePair key="user_thetasa" value="4.6 (C/W)" description="" />
   <keyValuePair key="vccadc_dynamic_current" value="0.000000" description="" />
   <keyValuePair key="vccadc_static_current" value="0.020000" description="" />
   <keyValuePair key="vccadc_total_current" value="0.020000" description="" />
   <keyValuePair key="vccadc_voltage" value="1.800000" description="" />
   <keyValuePair key="vccaux_dynamic_current" value="0.049036" description="" />
   <keyValuePair key="vccaux_io_dynamic_current" value="0.000000" description="" />
   <keyValuePair key="vccaux_io_static_current" value="0.000000" description="" />
   <keyValuePair key="vccaux_io_total_current" value="0.000000" description="" />
   <keyValuePair key="vccaux_io_voltage" value="1.800000" description="" />
   <keyValuePair key="vccaux_static_current" value="0.018185" description="" />
   <keyValuePair key="vccaux_total_current" value="0.067221" description="" />
   <keyValuePair key="vccaux_voltage" value="1.800000" description="" />
   <keyValuePair key="vccbram_dynamic_current" value="0.001355" description="" />
   <keyValuePair key="vccbram_static_current" value="0.002176" description="" />
   <keyValuePair key="vccbram_total_current" value="0.003530" description="" />
   <keyValuePair key="vccbram_voltage" value="1.000000" description="" />
   <keyValuePair key="vccint_dynamic_current" value="0.101836" description="" />
   <keyValuePair key="vccint_static_current" value="0.017717" description="" />
   <keyValuePair key="vccint_total_current" value="0.119553" description="" />
   <keyValuePair key="vccint_voltage" value="1.000000" description="" />
   <keyValuePair key="vcco12_dynamic_current" value="0.000000" description="" />
   <keyValuePair key="vcco12_static_current" value="0.000000" description="" />
   <keyValuePair key="vcco12_total_current" value="0.000000" description="" />
   <keyValuePair key="vcco12_voltage" value="1.200000" description="" />
   <keyValuePair key="vcco135_dynamic_current" value="0.000000" description="" />
   <keyValuePair key="vcco135_static_current" value="0.000000" description="" />
   <keyValuePair key="vcco135_total_current" value="0.000000" description="" />
   <keyValuePair key="vcco135_voltage" value="1.350000" description="" />
   <keyValuePair key="vcco15_dynamic_current" value="0.000000" description="" />
   <keyValuePair key="vcco15_static_current" value="0.000000" description="" />
   <keyValuePair key="vcco15_total_current" value="0.000000" description="" />
   <keyValuePair key="vcco15_voltage" value="1.500000" description="" />
   <keyValuePair key="vcco18_dynamic_current" value="0.000000" description="" />
   <keyValuePair key="vcco18_static_current" value="0.000000" description="" />
   <keyValuePair key="vcco18_total_current" value="0.000000" description="" />
   <keyValuePair key="vcco18_voltage" value="1.800000" description="" />
   <keyValuePair key="vcco25_dynamic_current" value="0.000000" description="" />
   <keyValuePair key="vcco25_static_current" value="0.000000" description="" />
   <keyValuePair key="vcco25_total_current" value="0.000000" description="" />
   <keyValuePair key="vcco25_voltage" value="2.500000" description="" />
   <keyValuePair key="vcco33_dynamic_current" value="0.004247" description="" />
   <keyValuePair key="vcco33_static_current" value="0.004000" description="" />
   <keyValuePair key="vcco33_total_current" value="0.008247" description="" />
   <keyValuePair key="vcco33_voltage" value="3.300000" description="" />
   <keyValuePair key="version" value="2015.2" description="" />
  </section>
 </section>
 <section name="report_utilization" level="1" order="7" description="">
  <section name="clocking" level="2" order="1" description="">
   <keyValuePair key="bufgctrl_available" value="32" description="" />
   <keyValuePair key="bufgctrl_fixed" value="0" description="" />
   <keyValuePair key="bufgctrl_used" value="4" description="" />
   <keyValuePair key="bufgctrl_util_percentage" value="12.50" description="" />
   <keyValuePair key="bufhce_available" value="96" description="" />
   <keyValuePair key="bufhce_fixed" value="0" description="" />
   <keyValuePair key="bufhce_used" value="0" description="" />
   <keyValuePair key="bufhce_util_percentage" value="0.00" description="" />
   <keyValuePair key="bufio_available" value="24" description="" />
   <keyValuePair key="bufio_fixed" value="0" description="" />
   <keyValuePair key="bufio_used" value="0" description="" />
   <keyValuePair key="bufio_util_percentage" value="0.00" description="" />
   <keyValuePair key="bufmrce_available" value="12" description="" />
   <keyValuePair key="bufmrce_fixed" value="0" description="" />
   <keyValuePair key="bufmrce_used" value="0" description="" />
   <keyValuePair key="bufmrce_util_percentage" value="0.00" description="" />
   <keyValuePair key="bufr_available" value="24" description="" />
   <keyValuePair key="bufr_fixed" value="0" description="" />
   <keyValuePair key="bufr_used" value="0" description="" />
   <keyValuePair key="bufr_util_percentage" value="0.00" description="" />
   <keyValuePair key="mmcme2_adv_available" value="6" description="" />
   <keyValuePair key="mmcme2_adv_fixed" value="0" description="" />
   <keyValuePair key="mmcme2_adv_used" value="0" description="" />
   <keyValuePair key="mmcme2_adv_util_percentage" value="0.00" description="" />
   <keyValuePair key="plle2_adv_available" value="6" description="" />
   <keyValuePair key="plle2_adv_fixed" value="0" description="" />
   <keyValuePair key="plle2_adv_used" value="1" description="" />
   <keyValuePair key="plle2_adv_util_percentage" value="16.67" description="" />
  </section>
  <section name="dsp" level="2" order="2" description="">
   <keyValuePair key="dsps_available" value="240" description="" />
   <keyValuePair key="dsps_fixed" value="0" description="" />
   <keyValuePair key="dsps_used" value="0" description="" />
   <keyValuePair key="dsps_util_percentage" value="0.00" description="" />
  </section>
  <section name="io_standard" level="2" order="3" description="">
   <keyValuePair key="blvds_25" value="0" description="" />
   <keyValuePair key="diff_hstl_i" value="0" description="" />
   <keyValuePair key="diff_hstl_i_18" value="0" description="" />
   <keyValuePair key="diff_hstl_ii" value="0" description="" />
   <keyValuePair key="diff_hstl_ii_18" value="0" description="" />
   <keyValuePair key="diff_hsul_12" value="0" description="" />
   <keyValuePair key="diff_mobile_ddr" value="0" description="" />
   <keyValuePair key="diff_sstl135" value="0" description="" />
   <keyValuePair key="diff_sstl135_r" value="0" description="" />
   <keyValuePair key="diff_sstl15" value="0" description="" />
   <keyValuePair key="diff_sstl15_r" value="0" description="" />
   <keyValuePair key="diff_sstl18_i" value="0" description="" />
   <keyValuePair key="diff_sstl18_ii" value="0" description="" />
   <keyValuePair key="hstl_i" value="0" description="" />
   <keyValuePair key="hstl_i_18" value="0" description="" />
   <keyValuePair key="hstl_ii" value="0" description="" />
   <keyValuePair key="hstl_ii_18" value="0" description="" />
   <keyValuePair key="hsul_12" value="0" description="" />
   <keyValuePair key="lvcmos12" value="0" description="" />
   <keyValuePair key="lvcmos15" value="0" description="" />
   <keyValuePair key="lvcmos18" value="0" description="" />
   <keyValuePair key="lvcmos25" value="0" description="" />
   <keyValuePair key="lvcmos33" value="1" description="" />
   <keyValuePair key="lvds_25" value="0" description="" />
   <keyValuePair key="lvttl" value="0" description="" />
   <keyValuePair key="mini_lvds_25" value="0" description="" />
   <keyValuePair key="mobile_ddr" value="0" description="" />
   <keyValuePair key="pci33_3" value="0" description="" />
   <keyValuePair key="ppds_25" value="0" description="" />
   <keyValuePair key="rsds_25" value="0" description="" />
   <keyValuePair key="sstl135" value="0" description="" />
   <keyValuePair key="sstl135_r" value="0" description="" />
   <keyValuePair key="sstl15" value="0" description="" />
   <keyValuePair key="sstl15_r" value="0" description="" />
   <keyValuePair key="sstl18_i" value="0" description="" />
   <keyValuePair key="sstl18_ii" value="0" description="" />
   <keyValuePair key="tmds_33" value="0" description="" />
  </section>
  <section name="memory" level="2" order="4" description="">
   <keyValuePair key="block_ram_tile_available" value="135" description="" />
   <keyValuePair key="block_ram_tile_fixed" value="0" description="" />
   <keyValuePair key="block_ram_tile_used" value="79" description="" />
   <keyValuePair key="block_ram_tile_util_percentage" value="58.52" description="" />
   <keyValuePair key="ramb18_available" value="270" description="" />
   <keyValuePair key="ramb18_fixed" value="0" description="" />
   <keyValuePair key="ramb18_used" value="28" description="" />
   <keyValuePair key="ramb18_util_percentage" value="10.37" description="" />
   <keyValuePair key="ramb18e1_only_used" value="28" description="" />
   <keyValuePair key="ramb36_fifo_available" value="135" description="" />
   <keyValuePair key="ramb36_fifo_fixed" value="0" description="" />
   <keyValuePair key="ramb36_fifo_used" value="65" description="" />
   <keyValuePair key="ramb36_fifo_util_percentage" value="48.15" description="" />
   <keyValuePair key="ramb36e1_only_used" value="65" description="" />
  </section>
  <section name="primitives" level="2" order="5" description="">
   <keyValuePair key="bufg_functional_category" value="Clock" description="" />
   <keyValuePair key="bufg_used" value="4" description="" />
   <keyValuePair key="carry4_functional_category" value="CarryLogic" description="" />
   <keyValuePair key="carry4_used" value="214" description="" />
   <keyValuePair key="fdce_functional_category" value="Flop &amp; Latch" description="" />
   <keyValuePair key="fdce_used" value="8" description="" />
   <keyValuePair key="fdpe_functional_category" value="Flop &amp; Latch" description="" />
   <keyValuePair key="fdpe_used" value="10" description="" />
   <keyValuePair key="fdre_functional_category" value="Flop &amp; Latch" description="" />
   <keyValuePair key="fdre_used" value="11381" description="" />
   <keyValuePair key="fdse_functional_category" value="Flop &amp; Latch" description="" />
   <keyValuePair key="fdse_used" value="432" description="" />
   <keyValuePair key="ibuf_functional_category" value="IO" description="" />
   <keyValuePair key="ibuf_used" value="26" description="" />
   <keyValuePair key="lut1_functional_category" value="LUT" description="" />
   <keyValuePair key="lut1_used" value="79" description="" />
   <keyValuePair key="lut2_functional_category" value="LUT" description="" />
   <keyValuePair key="lut2_used" value="875" description="" />
   <keyValuePair key="lut3_functional_category" value="LUT" description="" />
   <keyValuePair key="lut3_used" value="2664" description="" />
   <keyValuePair key="lut4_functional_category" value="LUT" description="" />
   <keyValuePair key="lut4_used" value="1839" description="" />
   <keyValuePair key="lut5_functional_category" value="LUT" description="" />
   <keyValuePair key="lut5_used" value="3475" description="" />
   <keyValuePair key="lut6_functional_category" value="LUT" description="" />
   <keyValuePair key="lut6_used" value="6546" description="" />
   <keyValuePair key="muxf7_functional_category" value="MuxFx" description="" />
   <keyValuePair key="muxf7_used" value="485" description="" />
   <keyValuePair key="muxf8_functional_category" value="MuxFx" description="" />
   <keyValuePair key="muxf8_used" value="28" description="" />
   <keyValuePair key="obuf_functional_category" value="IO" description="" />
   <keyValuePair key="obuf_used" value="36" description="" />
   <keyValuePair key="obuft_functional_category" value="IO" description="" />
   <keyValuePair key="obuft_used" value="2" description="" />
   <keyValuePair key="plle2_adv_functional_category" value="Clock" description="" />
   <keyValuePair key="plle2_adv_used" value="1" description="" />
   <keyValuePair key="ramb18e1_functional_category" value="Block Memory" description="" />
   <keyValuePair key="ramb18e1_used" value="28" description="" />
   <keyValuePair key="ramb36e1_functional_category" value="Block Memory" description="" />
   <keyValuePair key="ramb36e1_used" value="65" description="" />
   <keyValuePair key="srl16e_functional_category" value="Distributed Memory" description="" />
   <keyValuePair key="srl16e_used" value="121" description="" />
   <keyValuePair key="srlc32e_functional_category" value="Distributed Memory" description="" />
   <keyValuePair key="srlc32e_used" value="190" description="" />
  </section>
  <section name="slice_logic" level="2" order="6" description="">
   <keyValuePair key="f7_muxes_available" value="31700" description="" />
   <keyValuePair key="f7_muxes_fixed" value="0" description="" />
   <keyValuePair key="f7_muxes_used" value="485" description="" />
   <keyValuePair key="f7_muxes_util_percentage" value="1.53" description="" />
   <keyValuePair key="f8_muxes_available" value="15850" description="" />
   <keyValuePair key="f8_muxes_fixed" value="0" description="" />
   <keyValuePair key="f8_muxes_used" value="28" description="" />
   <keyValuePair key="f8_muxes_util_percentage" value="0.18" description="" />
   <keyValuePair key="fully_used_lut_ff_pairs_fixed" value="" description="" />
   <keyValuePair key="fully_used_lut_ff_pairs_used" value="7700" description="" />
   <keyValuePair key="lut_as_distributed_ram_fixed" value="0" description="" />
   <keyValuePair key="lut_as_distributed_ram_fixed" value="0" description="" />
   <keyValuePair key="lut_as_distributed_ram_used" value="0" description="" />
   <keyValuePair key="lut_as_distributed_ram_used" value="0" description="" />
   <keyValuePair key="lut_as_logic_available" value="63400" description="" />
   <keyValuePair key="lut_as_logic_available" value="63400" description="" />
   <keyValuePair key="lut_as_logic_fixed" value="0" description="" />
   <keyValuePair key="lut_as_logic_fixed" value="0" description="" />
   <keyValuePair key="lut_as_logic_used" value="13501" description="" />
   <keyValuePair key="lut_as_logic_used" value="13501" description="" />
   <keyValuePair key="lut_as_logic_util_percentage" value="21.29" description="" />
   <keyValuePair key="lut_as_logic_util_percentage" value="21.29" description="" />
   <keyValuePair key="lut_as_memory_available" value="19000" description="" />
   <keyValuePair key="lut_as_memory_available" value="19000" description="" />
   <keyValuePair key="lut_as_memory_fixed" value="0" description="" />
   <keyValuePair key="lut_as_memory_fixed" value="0" description="" />
   <keyValuePair key="lut_as_memory_used" value="286" description="" />
   <keyValuePair key="lut_as_memory_used" value="286" description="" />
   <keyValuePair key="lut_as_memory_util_percentage" value="1.51" description="" />
   <keyValuePair key="lut_as_memory_util_percentage" value="1.51" description="" />
   <keyValuePair key="lut_as_shift_register_fixed" value="0" description="" />
   <keyValuePair key="lut_as_shift_register_fixed" value="0" description="" />
   <keyValuePair key="lut_as_shift_register_used" value="286" description="" />
   <keyValuePair key="lut_as_shift_register_used" value="286" description="" />
   <keyValuePair key="lut_ff_pairs_with_unused_flip_flop_fixed" value="" description="" />
   <keyValuePair key="lut_ff_pairs_with_unused_flip_flop_used" value="6081" description="" />
   <keyValuePair key="lut_ff_pairs_with_unused_lut_fixed" value="" description="" />
   <keyValuePair key="lut_ff_pairs_with_unused_lut_used" value="2455" description="" />
   <keyValuePair key="lut_flip_flop_pairs_available" value="63400" description="" />
   <keyValuePair key="lut_flip_flop_pairs_fixed" value="0" description="" />
   <keyValuePair key="lut_flip_flop_pairs_used" value="16236" description="" />
   <keyValuePair key="lut_flip_flop_pairs_util_percentage" value="25.61" description="" />
   <keyValuePair key="minimum_number_of_registers_lost_to_control_set_restriction_used" value="1441(Lost)" description="" />
   <keyValuePair key="register_as_flip_flop_available" value="126800" description="" />
   <keyValuePair key="register_as_flip_flop_fixed" value="0" description="" />
   <keyValuePair key="register_as_flip_flop_used" value="11831" description="" />
   <keyValuePair key="register_as_flip_flop_util_percentage" value="9.33" description="" />
   <keyValuePair key="register_as_latch_available" value="126800" description="" />
   <keyValuePair key="register_as_latch_fixed" value="0" description="" />
   <keyValuePair key="register_as_latch_used" value="0" description="" />
   <keyValuePair key="register_as_latch_util_percentage" value="0.00" description="" />
   <keyValuePair key="slice_available" value="15850" description="" />
   <keyValuePair key="slice_fixed" value="0" description="" />
   <keyValuePair key="slice_luts_available" value="63400" description="" />
   <keyValuePair key="slice_luts_fixed" value="0" description="" />
   <keyValuePair key="slice_luts_used" value="13787" description="" />
   <keyValuePair key="slice_luts_util_percentage" value="21.75" description="" />
   <keyValuePair key="slice_registers_available" value="126800" description="" />
   <keyValuePair key="slice_registers_fixed" value="0" description="" />
   <keyValuePair key="slice_registers_used" value="11831" description="" />
   <keyValuePair key="slice_registers_util_percentage" value="9.33" description="" />
   <keyValuePair key="slice_used" value="5065" description="" />
   <keyValuePair key="slice_util_percentage" value="31.96" description="" />
   <keyValuePair key="slicel_fixed" value="0" description="" />
   <keyValuePair key="slicel_used" value="3426" description="" />
   <keyValuePair key="slicem_fixed" value="0" description="" />
   <keyValuePair key="slicem_used" value="1639" description="" />
   <keyValuePair key="unique_control_sets_used" value="563" description="" />
   <keyValuePair key="using_o5_and_o6_fixed" value="" description="" />
   <keyValuePair key="using_o5_and_o6_fixed" value="" description="" />
   <keyValuePair key="using_o5_and_o6_used" value="25" description="" />
   <keyValuePair key="using_o5_and_o6_used" value="1977" description="" />
   <keyValuePair key="using_o5_output_only_fixed" value="" description="" />
   <keyValuePair key="using_o5_output_only_fixed" value="" description="" />
   <keyValuePair key="using_o5_output_only_used" value="6" description="" />
   <keyValuePair key="using_o5_output_only_used" value="0" description="" />
   <keyValuePair key="using_o6_output_only_fixed" value="" description="" />
   <keyValuePair key="using_o6_output_only_fixed" value="" description="" />
   <keyValuePair key="using_o6_output_only_used" value="255" description="" />
   <keyValuePair key="using_o6_output_only_used" value="11524" description="" />
  </section>
  <section name="specific_feature" level="2" order="7" description="">
   <keyValuePair key="bscane2_available" value="4" description="" />
   <keyValuePair key="bscane2_fixed" value="0" description="" />
   <keyValuePair key="bscane2_used" value="0" description="" />
   <keyValuePair key="bscane2_util_percentage" value="0.00" description="" />
   <keyValuePair key="capturee2_available" value="1" description="" />
   <keyValuePair key="capturee2_fixed" value="0" description="" />
   <keyValuePair key="capturee2_used" value="0" description="" />
   <keyValuePair key="capturee2_util_percentage" value="0.00" description="" />
   <keyValuePair key="dna_port_available" value="1" description="" />
   <keyValuePair key="dna_port_fixed" value="0" description="" />
   <keyValuePair key="dna_port_used" value="0" description="" />
   <keyValuePair key="dna_port_util_percentage" value="0.00" description="" />
   <keyValuePair key="efuse_usr_available" value="1" description="" />
   <keyValuePair key="efuse_usr_fixed" value="0" description="" />
   <keyValuePair key="efuse_usr_used" value="0" description="" />
   <keyValuePair key="efuse_usr_util_percentage" value="0.00" description="" />
   <keyValuePair key="frame_ecce2_available" value="1" description="" />
   <keyValuePair key="frame_ecce2_fixed" value="0" description="" />
   <keyValuePair key="frame_ecce2_used" value="0" description="" />
   <keyValuePair key="frame_ecce2_util_percentage" value="0.00" description="" />
   <keyValuePair key="icape2_available" value="2" description="" />
   <keyValuePair key="icape2_fixed" value="0" description="" />
   <keyValuePair key="icape2_used" value="0" description="" />
   <keyValuePair key="icape2_util_percentage" value="0.00" description="" />
   <keyValuePair key="pcie_2_1_available" value="1" description="" />
   <keyValuePair key="pcie_2_1_fixed" value="0" description="" />
   <keyValuePair key="pcie_2_1_used" value="0" description="" />
   <keyValuePair key="pcie_2_1_util_percentage" value="0.00" description="" />
   <keyValuePair key="startupe2_available" value="1" description="" />
   <keyValuePair key="startupe2_fixed" value="0" description="" />
   <keyValuePair key="startupe2_used" value="0" description="" />
   <keyValuePair key="startupe2_util_percentage" value="0.00" description="" />
   <keyValuePair key="xadc_available" value="1" description="" />
   <keyValuePair key="xadc_fixed" value="0" description="" />
   <keyValuePair key="xadc_used" value="0" description="" />
   <keyValuePair key="xadc_util_percentage" value="0.00" description="" />
  </section>
 </section>
 <section name="router" level="1" order="8" description="">
  <section name="usage" level="2" order="1" description="">
   <keyValuePair key="actual_expansions" value="16654325" description="" />
   <keyValuePair key="bogomips" value="5424" description="" />
   <keyValuePair key="bram18" value="28" description="" />
   <keyValuePair key="bram36" value="65" description="" />
   <keyValuePair key="bufg" value="0" description="" />
   <keyValuePair key="bufr" value="0" description="" />
   <keyValuePair key="congestion_level" value="0" description="" />
   <keyValuePair key="ctrls" value="563" description="" />
   <keyValuePair key="dsp" value="0" description="" />
   <keyValuePair key="effort" value="2" description="" />
   <keyValuePair key="estimated_expansions" value="24960420" description="" />
   <keyValuePair key="ff" value="11831" description="" />
   <keyValuePair key="global_clocks" value="4" description="" />
   <keyValuePair key="high_fanout_nets" value="1" description="" />
   <keyValuePair key="iob" value="62" description="" />
   <keyValuePair key="lut" value="14946" description="" />
   <keyValuePair key="movable_instances" value="30474" description="" />
   <keyValuePair key="nets" value="38087" description="" />
   <keyValuePair key="pins" value="177136" description="" />
   <keyValuePair key="pll" value="1" description="" />
   <keyValuePair key="router_runtime" value="74.470000" description="" />
   <keyValuePair key="router_timing_driven" value="1" description="" />
   <keyValuePair key="threads" value="4" description="" />
   <keyValuePair key="timing_constraints_exist" value="1" description="" />
  </section>
 </section>
 <section name="synthesis" level="1" order="9" description="">
  <section name="command_line_options" level="2" order="1" description="">
   <keyValuePair key="-bufg" value="default::12" description="" />
   <keyValuePair key="-cascade_dsp" value="default::auto" description="" />
   <keyValuePair key="-constrset" value="default::[not_specified]" description="" />
   <keyValuePair key="-control_set_opt_threshold" value="default::auto" description="" />
   <keyValuePair key="-directive" value="default::default" description="" />
   <keyValuePair key="-fanout_limit" value="default::10000" description="" />
   <keyValuePair key="-flatten_hierarchy" value="default::rebuilt" description="" />
   <keyValuePair key="-fsm_extraction" value="default::auto" description="" />
   <keyValuePair key="-gated_clock_conversion" value="default::off" description="" />
   <keyValuePair key="-generic" value="default::[not_specified]" description="" />
   <keyValuePair key="-include_dirs" value="default::[not_specified]" description="" />
   <keyValuePair key="-keep_equivalent_registers" value="default::[not_specified]" description="" />
   <keyValuePair key="-link_dcps" value="default::[not_specified]" description="" />
   <keyValuePair key="-mode" value="default::default" description="" />
   <keyValuePair key="-name" value="default::[not_specified]" description="" />
   <keyValuePair key="-part" value="xc7a100tcsg324-1" description="" />
   <keyValuePair key="-resource_sharing" value="default::auto" description="" />
   <keyValuePair key="-rtl" value="default::[not_specified]" description="" />
   <keyValuePair key="-rtl_load_constraints" value="default::[not_specified]" description="" />
   <keyValuePair key="-seu_protect" value="default::none" description="" />
   <keyValuePair key="-shreg_min_size" value="default::3" description="" />
   <keyValuePair key="-top" value="MIPSfpga_system_wrapper" description="" />
   <keyValuePair key="-verilog_define" value="default::[not_specified]" description="" />
  </section>
  <section name="usage" level="2" order="2" description="">
   <keyValuePair key="elapsed" value="00:08:28s" description="" />
   <keyValuePair key="hls_ip" value="0" description="" />
   <keyValuePair key="memory_gain" value="1194.832MB" description="" />
   <keyValuePair key="memory_peak" value="2143.863MB" description="" />
  </section>
 </section>
 <section name="unisim_transformation" level="1" order="10" description="">
  <section name="post_unisim_transformation" level="2" order="1" description="">
   <keyValuePair key="bufg" value="4" description="" />
   <keyValuePair key="carry4" value="244" description="" />
   <keyValuePair key="fdce" value="7" description="" />
   <keyValuePair key="fdpe" value="10" description="" />
   <keyValuePair key="fdre" value="12592" description="" />
   <keyValuePair key="fdse" value="435" description="" />
   <keyValuePair key="gnd" value="1050" description="" />
   <keyValuePair key="ibuf" value="26" description="" />
   <keyValuePair key="lut1" value="453" description="" />
   <keyValuePair key="lut2" value="836" description="" />
   <keyValuePair key="lut3" value="3067" description="" />
   <keyValuePair key="lut4" value="1817" description="" />
   <keyValuePair key="lut5" value="3453" description="" />
   <keyValuePair key="lut6" value="6931" description="" />
   <keyValuePair key="muxf7" value="487" description="" />
   <keyValuePair key="muxf8" value="28" description="" />
   <keyValuePair key="obuf" value="36" description="" />
   <keyValuePair key="obuft" value="2" description="" />
   <keyValuePair key="oddr" value="1" description="" />
   <keyValuePair key="plle2_adv" value="1" description="" />
   <keyValuePair key="ramb18e1" value="28" description="" />
   <keyValuePair key="ramb36e1" value="65" description="" />
   <keyValuePair key="srl16e" value="126" description="" />
   <keyValuePair key="srlc32e" value="195" description="" />
   <keyValuePair key="vcc" value="809" description="" />
  </section>
  <section name="pre_unisim_transformation" level="2" order="2" description="">
   <keyValuePair key="bufg" value="4" description="" />
   <keyValuePair key="carry4" value="244" description="" />
   <keyValuePair key="fdce" value="7" description="" />
   <keyValuePair key="fdpe" value="10" description="" />
   <keyValuePair key="fdre" value="12592" description="" />
   <keyValuePair key="fdse" value="435" description="" />
   <keyValuePair key="gnd" value="1050" description="" />
   <keyValuePair key="ibuf" value="24" description="" />
   <keyValuePair key="iobuf" value="2" description="" />
   <keyValuePair key="lut1" value="453" description="" />
   <keyValuePair key="lut2" value="836" description="" />
   <keyValuePair key="lut3" value="3067" description="" />
   <keyValuePair key="lut4" value="1817" description="" />
   <keyValuePair key="lut5" value="3453" description="" />
   <keyValuePair key="lut6" value="6931" description="" />
   <keyValuePair key="muxf7" value="487" description="" />
   <keyValuePair key="muxf8" value="28" description="" />
   <keyValuePair key="obuf" value="36" description="" />
   <keyValuePair key="oddr" value="1" description="" />
   <keyValuePair key="plle2_adv" value="1" description="" />
   <keyValuePair key="ramb18e1" value="28" description="" />
   <keyValuePair key="ramb36e1" value="65" description="" />
   <keyValuePair key="srl16e" value="126" description="" />
   <keyValuePair key="srlc32e" value="195" description="" />
   <keyValuePair key="vcc" value="809" description="" />
  </section>
 </section>
 <section name="vivado_usage" level="1" order="11" description="">
  <section name="project_data" level="2" order="1" description="">
   <keyValuePair key="constraintsetcount" value="1" description="" />
   <keyValuePair key="currentimplrun" value="impl_1" description="" />
   <keyValuePair key="currentsynthesisrun" value="synth_1" description="" />
   <keyValuePair key="designmode" value="RTL" description="" />
   <keyValuePair key="hdproject" value="false" description="" />
   <keyValuePair key="implstrategy" value="Vivado Implementation Defaults" description="" />
   <keyValuePair key="partitioncount" value="0" description="" />
   <keyValuePair key="prproject" value="false" description="" />
   <keyValuePair key="reconfigmodulecount" value="0" description="" />
   <keyValuePair key="reconfigpartitioncount" value="0" description="" />
   <keyValuePair key="srcsetcount" value="3" description="" />
   <keyValuePair key="synthesisstrategy" value="Vivado Synthesis Defaults" description="" />
   <keyValuePair key="totalimplruns" value="1" description="" />
   <keyValuePair key="totalsynthesisruns" value="1" description="" />
  </section>
 </section>
</section>
</webTalkData>
