<?xml version="1.0" encoding="UTF-8"?>
<spirit:component xmlns:xilinx="http://www.xilinx.com"
		xmlns:spirit="http://www.spiritconsortium.org/XMLSchema/SPIRIT/1685-2009"
		xmlns:xsi="http://www.w3.org/2001/XMLSchema-instance">
	<spirit:vendor>xilinx.com</spirit:vendor>
	<spirit:library>customized_ip</spirit:library>
	<spirit:name>MIPSfpga_system_util_ds_buf_0_0</spirit:name>
	<spirit:version>1.0</spirit:version>
	<spirit:model>
		<spirit:views>
			<spirit:view>
				<spirit:name>xilinx_veriloginstantiationtemplate</spirit:name>
				<spirit:displayName>Verilog Instantiation Template</spirit:displayName>
				<spirit:envIdentifier>verilogSource:vivado.xilinx.com:synthesis.template</spirit:envIdentifier>
				<spirit:language>verilog</spirit:language>
				<spirit:fileSetRef>
					<spirit:localName>xilinx_veriloginstantiationtemplate_view_fileset</spirit:localName>
				</spirit:fileSetRef>
				<spirit:parameters>
					<spirit:parameter>
						<spirit:name>customizationCRC</spirit:name>
						<spirit:value>cd135a99</spirit:value>
					</spirit:parameter>
					<spirit:parameter>
						<spirit:name>customizationCRCversion</spirit:name>
						<spirit:value>5</spirit:value>
					</spirit:parameter>
					<spirit:parameter>
						<spirit:name>boundaryCRC</spirit:name>
						<spirit:value>be4db6ff</spirit:value>
					</spirit:parameter>
					<spirit:parameter>
						<spirit:name>boundaryCRCversion</spirit:name>
						<spirit:value>1</spirit:value>
					</spirit:parameter>
					<spirit:parameter>
						<spirit:name>GENtimestamp</spirit:name>
						<spirit:value>Sun Dec 24 03:27:12 UTC 2017</spirit:value>
					</spirit:parameter>
					<spirit:parameter>
						<spirit:name>StaleAtRelink</spirit:name>
						<spirit:value>false</spirit:value>
					</spirit:parameter>
				</spirit:parameters>
			</spirit:view>
			<spirit:view>
				<spirit:name>xilinx_vhdlsynthesis</spirit:name>
				<spirit:displayName>VHDL Synthesis</spirit:displayName>
				<spirit:envIdentifier>vhdlSource:vivado.xilinx.com:synthesis</spirit:envIdentifier>
				<spirit:language>vhdl</spirit:language>
				<spirit:fileSetRef>
					<spirit:localName>xilinx_vhdlsynthesis_view_fileset</spirit:localName>
				</spirit:fileSetRef>
				<spirit:parameters>
					<spirit:parameter>
						<spirit:name>customizationCRC</spirit:name>
						<spirit:value>cd135a99</spirit:value>
					</spirit:parameter>
					<spirit:parameter>
						<spirit:name>customizationCRCversion</spirit:name>
						<spirit:value>5</spirit:value>
					</spirit:parameter>
					<spirit:parameter>
						<spirit:name>boundaryCRC</spirit:name>
						<spirit:value>be4db6ff</spirit:value>
					</spirit:parameter>
					<spirit:parameter>
						<spirit:name>boundaryCRCversion</spirit:name>
						<spirit:value>1</spirit:value>
					</spirit:parameter>
					<spirit:parameter>
						<spirit:name>GENtimestamp</spirit:name>
						<spirit:value>Sun Dec 24 03:27:12 UTC 2017</spirit:value>
					</spirit:parameter>
					<spirit:parameter>
						<spirit:name>StaleAtRelink</spirit:name>
						<spirit:value>false</spirit:value>
					</spirit:parameter>
				</spirit:parameters>
			</spirit:view>
			<spirit:view>
				<spirit:name>xilinx_vhdlsynthesiswrapper</spirit:name>
				<spirit:displayName>VHDL Synthesis Wrapper</spirit:displayName>
				<spirit:envIdentifier>vhdlSource:vivado.xilinx.com:synthesis.wrapper</spirit:envIdentifier>
				<spirit:language>vhdl</spirit:language>
				<spirit:fileSetRef>
					<spirit:localName>xilinx_vhdlsynthesiswrapper_view_fileset</spirit:localName>
				</spirit:fileSetRef>
				<spirit:parameters>
					<spirit:parameter>
						<spirit:name>customizationCRC</spirit:name>
						<spirit:value>cd135a99</spirit:value>
					</spirit:parameter>
					<spirit:parameter>
						<spirit:name>customizationCRCversion</spirit:name>
						<spirit:value>5</spirit:value>
					</spirit:parameter>
					<spirit:parameter>
						<spirit:name>boundaryCRC</spirit:name>
						<spirit:value>be4db6ff</spirit:value>
					</spirit:parameter>
					<spirit:parameter>
						<spirit:name>boundaryCRCversion</spirit:name>
						<spirit:value>1</spirit:value>
					</spirit:parameter>
					<spirit:parameter>
						<spirit:name>GENtimestamp</spirit:name>
						<spirit:value>Sun Dec 24 03:27:12 UTC 2017</spirit:value>
					</spirit:parameter>
					<spirit:parameter>
						<spirit:name>StaleAtRelink</spirit:name>
						<spirit:value>false</spirit:value>
					</spirit:parameter>
				</spirit:parameters>
			</spirit:view>
			<spirit:view>
				<spirit:name>xilinx_vhdlbehavioralsimulation</spirit:name>
				<spirit:displayName>VHDL Simulation</spirit:displayName>
				<spirit:envIdentifier>vhdlSource:vivado.xilinx.com:simulation</spirit:envIdentifier>
				<spirit:language>vhdl</spirit:language>
				<spirit:fileSetRef>
					<spirit:localName>xilinx_vhdlbehavioralsimulation_view_fileset</spirit:localName>
				</spirit:fileSetRef>
				<spirit:parameters>
					<spirit:parameter>
						<spirit:name>customizationCRC</spirit:name>
						<spirit:value>2a7c34e8</spirit:value>
					</spirit:parameter>
					<spirit:parameter>
						<spirit:name>customizationCRCversion</spirit:name>
						<spirit:value>5</spirit:value>
					</spirit:parameter>
					<spirit:parameter>
						<spirit:name>boundaryCRC</spirit:name>
						<spirit:value>be4db6ff</spirit:value>
					</spirit:parameter>
					<spirit:parameter>
						<spirit:name>boundaryCRCversion</spirit:name>
						<spirit:value>1</spirit:value>
					</spirit:parameter>
					<spirit:parameter>
						<spirit:name>GENtimestamp</spirit:name>
						<spirit:value>Sun Dec 24 03:27:12 UTC 2017</spirit:value>
					</spirit:parameter>
					<spirit:parameter>
						<spirit:name>StaleAtRelink</spirit:name>
						<spirit:value>false</spirit:value>
					</spirit:parameter>
				</spirit:parameters>
			</spirit:view>
			<spirit:view>
				<spirit:name>xilinx_vhdlsimulationwrapper</spirit:name>
				<spirit:displayName>VHDL Simulation Wrapper</spirit:displayName>
				<spirit:envIdentifier>vhdlSource:vivado.xilinx.com:simulation.wrapper</spirit:envIdentifier>
				<spirit:language>vhdl</spirit:language>
				<spirit:fileSetRef>
					<spirit:localName>xilinx_vhdlsimulationwrapper_view_fileset</spirit:localName>
				</spirit:fileSetRef>
				<spirit:parameters>
					<spirit:parameter>
						<spirit:name>customizationCRC</spirit:name>
						<spirit:value>2a7c34e8</spirit:value>
					</spirit:parameter>
					<spirit:parameter>
						<spirit:name>customizationCRCversion</spirit:name>
						<spirit:value>5</spirit:value>
					</spirit:parameter>
					<spirit:parameter>
						<spirit:name>boundaryCRC</spirit:name>
						<spirit:value>be4db6ff</spirit:value>
					</spirit:parameter>
					<spirit:parameter>
						<spirit:name>boundaryCRCversion</spirit:name>
						<spirit:value>1</spirit:value>
					</spirit:parameter>
					<spirit:parameter>
						<spirit:name>GENtimestamp</spirit:name>
						<spirit:value>Sun Dec 24 03:27:12 UTC 2017</spirit:value>
					</spirit:parameter>
					<spirit:parameter>
						<spirit:name>StaleAtRelink</spirit:name>
						<spirit:value>false</spirit:value>
					</spirit:parameter>
				</spirit:parameters>
			</spirit:view>
			<spirit:view>
				<spirit:name>xilinx_versioninformation</spirit:name>
				<spirit:displayName>Version Information</spirit:displayName>
				<spirit:envIdentifier>:vivado.xilinx.com:docs.versioninfo</spirit:envIdentifier>
				<spirit:fileSetRef>
					<spirit:localName>xilinx_versioninformation_view_fileset</spirit:localName>
				</spirit:fileSetRef>
				<spirit:parameters>
					<spirit:parameter>
						<spirit:name>customizationCRC</spirit:name>
						<spirit:value>cd135a99</spirit:value>
					</spirit:parameter>
					<spirit:parameter>
						<spirit:name>customizationCRCversion</spirit:name>
						<spirit:value>5</spirit:value>
					</spirit:parameter>
					<spirit:parameter>
						<spirit:name>boundaryCRC</spirit:name>
						<spirit:value>be4db6ff</spirit:value>
					</spirit:parameter>
					<spirit:parameter>
						<spirit:name>boundaryCRCversion</spirit:name>
						<spirit:value>1</spirit:value>
					</spirit:parameter>
					<spirit:parameter>
						<spirit:name>GENtimestamp</spirit:name>
						<spirit:value>Sun Dec 24 03:27:12 UTC 2017</spirit:value>
					</spirit:parameter>
					<spirit:parameter>
						<spirit:name>StaleAtRelink</spirit:name>
						<spirit:value>false</spirit:value>
					</spirit:parameter>
				</spirit:parameters>
			</spirit:view>
		</spirit:views>
		<spirit:ports>
			<spirit:port>
				<spirit:name>IBUF_DS_P</spirit:name>
				<spirit:wire>
					<spirit:direction>in</spirit:direction>
					<spirit:vector>
						<spirit:left spirit:format="long"
								spirit:resolve="dependent"
								spirit:dependency="(spirit:decode(id(&apos;MODELPARAM_VALUE.C_SIZE&apos;)) - 1)">0</spirit:left>
						<spirit:right spirit:format="long"
								spirit:resolve="immediate">0</spirit:right>
					</spirit:vector>
					<spirit:wireTypeDefs>
						<spirit:wireTypeDef>
							<spirit:typeName>std_logic_vector</spirit:typeName>
							<spirit:viewNameRef>xilinx_vhdlsynthesis</spirit:viewNameRef>
							<spirit:viewNameRef>xilinx_vhdlbehavioralsimulation</spirit:viewNameRef>
						</spirit:wireTypeDef>
					</spirit:wireTypeDefs>
					<spirit:driver>
						<spirit:defaultValue>0</spirit:defaultValue>
					</spirit:driver>
				</spirit:wire>
				<spirit:vendorExtensions>
					<xilinx:portInfo>
						<xilinx:enablement>
							<xilinx:presence>optional</xilinx:presence>
							<xilinx:isEnabled xilinx:resolve="dependent"
									xilinx:dependency="spirit:decode(id(&apos;MODELPARAM_VALUE.C_BUF_TYPE&apos;)) = &apos;IBUFDS&apos; or spirit:decode(id(&apos;MODELPARAM_VALUE.C_BUF_TYPE&apos;)) = &apos;IBUFDSGTE2&apos; or spirit:decode(id(&apos;MODELPARAM_VALUE.C_BUF_TYPE&apos;)) = &apos;IBUFDSGTE3&apos;">false</xilinx:isEnabled>
						</xilinx:enablement>
					</xilinx:portInfo>
				</spirit:vendorExtensions>
			</spirit:port>
			<spirit:port>
				<spirit:name>IBUF_DS_N</spirit:name>
				<spirit:wire>
					<spirit:direction>in</spirit:direction>
					<spirit:vector>
						<spirit:left spirit:format="long"
								spirit:resolve="dependent"
								spirit:dependency="(spirit:decode(id(&apos;MODELPARAM_VALUE.C_SIZE&apos;)) - 1)">0</spirit:left>
						<spirit:right spirit:format="long"
								spirit:resolve="immediate">0</spirit:right>
					</spirit:vector>
					<spirit:wireTypeDefs>
						<spirit:wireTypeDef>
							<spirit:typeName>std_logic_vector</spirit:typeName>
							<spirit:viewNameRef>xilinx_vhdlsynthesis</spirit:viewNameRef>
							<spirit:viewNameRef>xilinx_vhdlbehavioralsimulation</spirit:viewNameRef>
						</spirit:wireTypeDef>
					</spirit:wireTypeDefs>
					<spirit:driver>
						<spirit:defaultValue>0</spirit:defaultValue>
					</spirit:driver>
				</spirit:wire>
				<spirit:vendorExtensions>
					<xilinx:portInfo>
						<xilinx:enablement>
							<xilinx:presence>optional</xilinx:presence>
							<xilinx:isEnabled xilinx:resolve="dependent"
									xilinx:dependency="spirit:decode(id(&apos;MODELPARAM_VALUE.C_BUF_TYPE&apos;)) = &apos;IBUFDS&apos; or spirit:decode(id(&apos;MODELPARAM_VALUE.C_BUF_TYPE&apos;)) = &apos;IBUFDSGTE2&apos; or spirit:decode(id(&apos;MODELPARAM_VALUE.C_BUF_TYPE&apos;)) = &apos;IBUFDSGTE3&apos;">false</xilinx:isEnabled>
						</xilinx:enablement>
					</xilinx:portInfo>
				</spirit:vendorExtensions>
			</spirit:port>
			<spirit:port>
				<spirit:name>IBUF_OUT</spirit:name>
				<spirit:wire>
					<spirit:direction>out</spirit:direction>
					<spirit:vector>
						<spirit:left spirit:format="long"
								spirit:resolve="dependent"
								spirit:dependency="(spirit:decode(id(&apos;MODELPARAM_VALUE.C_SIZE&apos;)) - 1)">0</spirit:left>
						<spirit:right spirit:format="long"
								spirit:resolve="immediate">0</spirit:right>
					</spirit:vector>
					<spirit:wireTypeDefs>
						<spirit:wireTypeDef>
							<spirit:typeName>std_logic_vector</spirit:typeName>
							<spirit:viewNameRef>xilinx_vhdlsynthesis</spirit:viewNameRef>
							<spirit:viewNameRef>xilinx_vhdlbehavioralsimulation</spirit:viewNameRef>
						</spirit:wireTypeDef>
					</spirit:wireTypeDefs>
				</spirit:wire>
				<spirit:vendorExtensions>
					<xilinx:portInfo>
						<xilinx:enablement>
							<xilinx:presence>optional</xilinx:presence>
							<xilinx:isEnabled xilinx:resolve="dependent"
									xilinx:dependency="spirit:decode(id(&apos;MODELPARAM_VALUE.C_BUF_TYPE&apos;)) = &apos;IBUFDS&apos; or spirit:decode(id(&apos;MODELPARAM_VALUE.C_BUF_TYPE&apos;)) = &apos;IBUFDSGTE2&apos; or spirit:decode(id(&apos;MODELPARAM_VALUE.C_BUF_TYPE&apos;)) = &apos;IBUFDSGTE3&apos;">false</xilinx:isEnabled>
						</xilinx:enablement>
					</xilinx:portInfo>
				</spirit:vendorExtensions>
			</spirit:port>
			<spirit:port>
				<spirit:name>IBUF_DS_ODIV2</spirit:name>
				<spirit:wire>
					<spirit:direction>out</spirit:direction>
					<spirit:vector>
						<spirit:left spirit:format="long"
								spirit:resolve="dependent"
								spirit:dependency="(spirit:decode(id(&apos;MODELPARAM_VALUE.C_SIZE&apos;)) - 1)">0</spirit:left>
						<spirit:right spirit:format="long"
								spirit:resolve="immediate">0</spirit:right>
					</spirit:vector>
					<spirit:wireTypeDefs>
						<spirit:wireTypeDef>
							<spirit:typeName>std_logic_vector</spirit:typeName>
							<spirit:viewNameRef>xilinx_vhdlsynthesis</spirit:viewNameRef>
							<spirit:viewNameRef>xilinx_vhdlbehavioralsimulation</spirit:viewNameRef>
						</spirit:wireTypeDef>
					</spirit:wireTypeDefs>
				</spirit:wire>
				<spirit:vendorExtensions>
					<xilinx:portInfo>
						<xilinx:enablement>
							<xilinx:presence>optional</xilinx:presence>
							<xilinx:isEnabled xilinx:resolve="dependent"
									xilinx:dependency="spirit:decode(id(&apos;MODELPARAM_VALUE.C_BUF_TYPE&apos;)) = &apos;IBUFDSGTE2&apos; or spirit:decode(id(&apos;MODELPARAM_VALUE.C_BUF_TYPE&apos;)) = &apos;IBUFDSGTE3&apos;">false</xilinx:isEnabled>
						</xilinx:enablement>
					</xilinx:portInfo>
				</spirit:vendorExtensions>
			</spirit:port>
			<spirit:port>
				<spirit:name>OBUF_IN</spirit:name>
				<spirit:wire>
					<spirit:direction>in</spirit:direction>
					<spirit:vector>
						<spirit:left spirit:format="long"
								spirit:resolve="dependent"
								spirit:dependency="(spirit:decode(id(&apos;MODELPARAM_VALUE.C_SIZE&apos;)) - 1)">0</spirit:left>
						<spirit:right spirit:format="long"
								spirit:resolve="immediate">0</spirit:right>
					</spirit:vector>
					<spirit:wireTypeDefs>
						<spirit:wireTypeDef>
							<spirit:typeName>std_logic_vector</spirit:typeName>
							<spirit:viewNameRef>xilinx_vhdlsynthesis</spirit:viewNameRef>
							<spirit:viewNameRef>xilinx_vhdlbehavioralsimulation</spirit:viewNameRef>
						</spirit:wireTypeDef>
					</spirit:wireTypeDefs>
					<spirit:driver>
						<spirit:defaultValue>0</spirit:defaultValue>
					</spirit:driver>
				</spirit:wire>
				<spirit:vendorExtensions>
					<xilinx:portInfo>
						<xilinx:enablement>
							<xilinx:presence>optional</xilinx:presence>
							<xilinx:isEnabled xilinx:resolve="dependent"
									xilinx:dependency="spirit:decode(id(&apos;MODELPARAM_VALUE.C_BUF_TYPE&apos;)) = &apos;OBUFDS&apos;">false</xilinx:isEnabled>
						</xilinx:enablement>
					</xilinx:portInfo>
				</spirit:vendorExtensions>
			</spirit:port>
			<spirit:port>
				<spirit:name>OBUF_DS_P</spirit:name>
				<spirit:wire>
					<spirit:direction>out</spirit:direction>
					<spirit:vector>
						<spirit:left spirit:format="long"
								spirit:resolve="dependent"
								spirit:dependency="(spirit:decode(id(&apos;MODELPARAM_VALUE.C_SIZE&apos;)) - 1)">0</spirit:left>
						<spirit:right spirit:format="long"
								spirit:resolve="immediate">0</spirit:right>
					</spirit:vector>
					<spirit:wireTypeDefs>
						<spirit:wireTypeDef>
							<spirit:typeName>std_logic_vector</spirit:typeName>
							<spirit:viewNameRef>xilinx_vhdlsynthesis</spirit:viewNameRef>
							<spirit:viewNameRef>xilinx_vhdlbehavioralsimulation</spirit:viewNameRef>
						</spirit:wireTypeDef>
					</spirit:wireTypeDefs>
				</spirit:wire>
				<spirit:vendorExtensions>
					<xilinx:portInfo>
						<xilinx:enablement>
							<xilinx:presence>optional</xilinx:presence>
							<xilinx:isEnabled xilinx:resolve="dependent"
									xilinx:dependency="spirit:decode(id(&apos;MODELPARAM_VALUE.C_BUF_TYPE&apos;)) = &apos;OBUFDS&apos;">false</xilinx:isEnabled>
						</xilinx:enablement>
					</xilinx:portInfo>
				</spirit:vendorExtensions>
			</spirit:port>
			<spirit:port>
				<spirit:name>OBUF_DS_N</spirit:name>
				<spirit:wire>
					<spirit:direction>out</spirit:direction>
					<spirit:vector>
						<spirit:left spirit:format="long"
								spirit:resolve="dependent"
								spirit:dependency="(spirit:decode(id(&apos;MODELPARAM_VALUE.C_SIZE&apos;)) - 1)">0</spirit:left>
						<spirit:right spirit:format="long"
								spirit:resolve="immediate">0</spirit:right>
					</spirit:vector>
					<spirit:wireTypeDefs>
						<spirit:wireTypeDef>
							<spirit:typeName>std_logic_vector</spirit:typeName>
							<spirit:viewNameRef>xilinx_vhdlsynthesis</spirit:viewNameRef>
							<spirit:viewNameRef>xilinx_vhdlbehavioralsimulation</spirit:viewNameRef>
						</spirit:wireTypeDef>
					</spirit:wireTypeDefs>
				</spirit:wire>
				<spirit:vendorExtensions>
					<xilinx:portInfo>
						<xilinx:enablement>
							<xilinx:presence>optional</xilinx:presence>
							<xilinx:isEnabled xilinx:resolve="dependent"
									xilinx:dependency="spirit:decode(id(&apos;MODELPARAM_VALUE.C_BUF_TYPE&apos;)) = &apos;OBUFDS&apos;">false</xilinx:isEnabled>
						</xilinx:enablement>
					</xilinx:portInfo>
				</spirit:vendorExtensions>
			</spirit:port>
			<spirit:port>
				<spirit:name>IOBUF_DS_P</spirit:name>
				<spirit:wire>
					<spirit:direction>inout</spirit:direction>
					<spirit:vector>
						<spirit:left spirit:format="long"
								spirit:resolve="dependent"
								spirit:dependency="(spirit:decode(id(&apos;MODELPARAM_VALUE.C_SIZE&apos;)) - 1)">0</spirit:left>
						<spirit:right spirit:format="long"
								spirit:resolve="immediate">0</spirit:right>
					</spirit:vector>
					<spirit:wireTypeDefs>
						<spirit:wireTypeDef>
							<spirit:typeName>std_logic_vector</spirit:typeName>
							<spirit:viewNameRef>xilinx_vhdlsynthesis</spirit:viewNameRef>
							<spirit:viewNameRef>xilinx_vhdlbehavioralsimulation</spirit:viewNameRef>
						</spirit:wireTypeDef>
					</spirit:wireTypeDefs>
				</spirit:wire>
				<spirit:vendorExtensions>
					<xilinx:portInfo>
						<xilinx:enablement>
							<xilinx:presence>optional</xilinx:presence>
							<xilinx:isEnabled xilinx:resolve="dependent"
									xilinx:dependency="spirit:decode(id(&apos;MODELPARAM_VALUE.C_BUF_TYPE&apos;)) = &apos;IOBUFDS&apos;">false</xilinx:isEnabled>
						</xilinx:enablement>
					</xilinx:portInfo>
				</spirit:vendorExtensions>
			</spirit:port>
			<spirit:port>
				<spirit:name>IOBUF_DS_N</spirit:name>
				<spirit:wire>
					<spirit:direction>inout</spirit:direction>
					<spirit:vector>
						<spirit:left spirit:format="long"
								spirit:resolve="dependent"
								spirit:dependency="(spirit:decode(id(&apos;MODELPARAM_VALUE.C_SIZE&apos;)) - 1)">0</spirit:left>
						<spirit:right spirit:format="long"
								spirit:resolve="immediate">0</spirit:right>
					</spirit:vector>
					<spirit:wireTypeDefs>
						<spirit:wireTypeDef>
							<spirit:typeName>std_logic_vector</spirit:typeName>
							<spirit:viewNameRef>xilinx_vhdlsynthesis</spirit:viewNameRef>
							<spirit:viewNameRef>xilinx_vhdlbehavioralsimulation</spirit:viewNameRef>
						</spirit:wireTypeDef>
					</spirit:wireTypeDefs>
				</spirit:wire>
				<spirit:vendorExtensions>
					<xilinx:portInfo>
						<xilinx:enablement>
							<xilinx:presence>optional</xilinx:presence>
							<xilinx:isEnabled xilinx:resolve="dependent"
									xilinx:dependency="spirit:decode(id(&apos;MODELPARAM_VALUE.C_BUF_TYPE&apos;)) = &apos;IOBUFDS&apos;">false</xilinx:isEnabled>
						</xilinx:enablement>
					</xilinx:portInfo>
				</spirit:vendorExtensions>
			</spirit:port>
			<spirit:port>
				<spirit:name>IOBUF_IO_T</spirit:name>
				<spirit:wire>
					<spirit:direction>in</spirit:direction>
					<spirit:vector>
						<spirit:left spirit:format="long"
								spirit:resolve="dependent"
								spirit:dependency="(spirit:decode(id(&apos;MODELPARAM_VALUE.C_SIZE&apos;)) - 1)">0</spirit:left>
						<spirit:right spirit:format="long"
								spirit:resolve="immediate">0</spirit:right>
					</spirit:vector>
					<spirit:wireTypeDefs>
						<spirit:wireTypeDef>
							<spirit:typeName>std_logic_vector</spirit:typeName>
							<spirit:viewNameRef>xilinx_vhdlsynthesis</spirit:viewNameRef>
							<spirit:viewNameRef>xilinx_vhdlbehavioralsimulation</spirit:viewNameRef>
						</spirit:wireTypeDef>
					</spirit:wireTypeDefs>
					<spirit:driver>
						<spirit:defaultValue>0</spirit:defaultValue>
					</spirit:driver>
				</spirit:wire>
				<spirit:vendorExtensions>
					<xilinx:portInfo>
						<xilinx:enablement>
							<xilinx:presence>optional</xilinx:presence>
							<xilinx:isEnabled xilinx:resolve="dependent"
									xilinx:dependency="spirit:decode(id(&apos;MODELPARAM_VALUE.C_BUF_TYPE&apos;)) = &apos;IOBUFDS&apos;">false</xilinx:isEnabled>
						</xilinx:enablement>
					</xilinx:portInfo>
				</spirit:vendorExtensions>
			</spirit:port>
			<spirit:port>
				<spirit:name>IOBUF_IO_I</spirit:name>
				<spirit:wire>
					<spirit:direction>in</spirit:direction>
					<spirit:vector>
						<spirit:left spirit:format="long"
								spirit:resolve="dependent"
								spirit:dependency="(spirit:decode(id(&apos;MODELPARAM_VALUE.C_SIZE&apos;)) - 1)">0</spirit:left>
						<spirit:right spirit:format="long"
								spirit:resolve="immediate">0</spirit:right>
					</spirit:vector>
					<spirit:wireTypeDefs>
						<spirit:wireTypeDef>
							<spirit:typeName>std_logic_vector</spirit:typeName>
							<spirit:viewNameRef>xilinx_vhdlsynthesis</spirit:viewNameRef>
							<spirit:viewNameRef>xilinx_vhdlbehavioralsimulation</spirit:viewNameRef>
						</spirit:wireTypeDef>
					</spirit:wireTypeDefs>
					<spirit:driver>
						<spirit:defaultValue>0</spirit:defaultValue>
					</spirit:driver>
				</spirit:wire>
				<spirit:vendorExtensions>
					<xilinx:portInfo>
						<xilinx:enablement>
							<xilinx:presence>optional</xilinx:presence>
							<xilinx:isEnabled xilinx:resolve="dependent"
									xilinx:dependency="spirit:decode(id(&apos;MODELPARAM_VALUE.C_BUF_TYPE&apos;)) = &apos;IOBUFDS&apos;">false</xilinx:isEnabled>
						</xilinx:enablement>
					</xilinx:portInfo>
				</spirit:vendorExtensions>
			</spirit:port>
			<spirit:port>
				<spirit:name>IOBUF_IO_O</spirit:name>
				<spirit:wire>
					<spirit:direction>out</spirit:direction>
					<spirit:vector>
						<spirit:left spirit:format="long"
								spirit:resolve="dependent"
								spirit:dependency="(spirit:decode(id(&apos;MODELPARAM_VALUE.C_SIZE&apos;)) - 1)">0</spirit:left>
						<spirit:right spirit:format="long"
								spirit:resolve="immediate">0</spirit:right>
					</spirit:vector>
					<spirit:wireTypeDefs>
						<spirit:wireTypeDef>
							<spirit:typeName>std_logic_vector</spirit:typeName>
							<spirit:viewNameRef>xilinx_vhdlsynthesis</spirit:viewNameRef>
							<spirit:viewNameRef>xilinx_vhdlbehavioralsimulation</spirit:viewNameRef>
						</spirit:wireTypeDef>
					</spirit:wireTypeDefs>
				</spirit:wire>
				<spirit:vendorExtensions>
					<xilinx:portInfo>
						<xilinx:enablement>
							<xilinx:presence>optional</xilinx:presence>
							<xilinx:isEnabled xilinx:resolve="dependent"
									xilinx:dependency="spirit:decode(id(&apos;MODELPARAM_VALUE.C_BUF_TYPE&apos;)) = &apos;IOBUFDS&apos;">false</xilinx:isEnabled>
						</xilinx:enablement>
					</xilinx:portInfo>
				</spirit:vendorExtensions>
			</spirit:port>
			<spirit:port>
				<spirit:name>BUFG_I</spirit:name>
				<spirit:wire>
					<spirit:direction>in</spirit:direction>
					<spirit:vector>
						<spirit:left spirit:format="long"
								spirit:resolve="dependent"
								spirit:dependency="(spirit:decode(id(&apos;MODELPARAM_VALUE.C_SIZE&apos;)) - 1)">0</spirit:left>
						<spirit:right spirit:format="long"
								spirit:resolve="immediate">0</spirit:right>
					</spirit:vector>
					<spirit:wireTypeDefs>
						<spirit:wireTypeDef>
							<spirit:typeName>std_logic_vector</spirit:typeName>
							<spirit:viewNameRef>xilinx_vhdlsynthesis</spirit:viewNameRef>
							<spirit:viewNameRef>xilinx_vhdlbehavioralsimulation</spirit:viewNameRef>
						</spirit:wireTypeDef>
					</spirit:wireTypeDefs>
					<spirit:driver>
						<spirit:defaultValue>0</spirit:defaultValue>
					</spirit:driver>
				</spirit:wire>
				<spirit:vendorExtensions>
					<xilinx:portInfo>
						<xilinx:enablement>
							<xilinx:presence>optional</xilinx:presence>
							<xilinx:isEnabled xilinx:resolve="dependent"
									xilinx:dependency="spirit:decode(id(&apos;MODELPARAM_VALUE.C_BUF_TYPE&apos;)) = &apos;BUFG&apos;">true</xilinx:isEnabled>
						</xilinx:enablement>
					</xilinx:portInfo>
				</spirit:vendorExtensions>
			</spirit:port>
			<spirit:port>
				<spirit:name>BUFG_O</spirit:name>
				<spirit:wire>
					<spirit:direction>out</spirit:direction>
					<spirit:vector>
						<spirit:left spirit:format="long"
								spirit:resolve="dependent"
								spirit:dependency="(spirit:decode(id(&apos;MODELPARAM_VALUE.C_SIZE&apos;)) - 1)">0</spirit:left>
						<spirit:right spirit:format="long"
								spirit:resolve="immediate">0</spirit:right>
					</spirit:vector>
					<spirit:wireTypeDefs>
						<spirit:wireTypeDef>
							<spirit:typeName>std_logic_vector</spirit:typeName>
							<spirit:viewNameRef>xilinx_vhdlsynthesis</spirit:viewNameRef>
							<spirit:viewNameRef>xilinx_vhdlbehavioralsimulation</spirit:viewNameRef>
						</spirit:wireTypeDef>
					</spirit:wireTypeDefs>
				</spirit:wire>
				<spirit:vendorExtensions>
					<xilinx:portInfo>
						<xilinx:enablement>
							<xilinx:presence>optional</xilinx:presence>
							<xilinx:isEnabled xilinx:resolve="dependent"
									xilinx:dependency="spirit:decode(id(&apos;MODELPARAM_VALUE.C_BUF_TYPE&apos;)) = &apos;BUFG&apos;">true</xilinx:isEnabled>
						</xilinx:enablement>
					</xilinx:portInfo>
				</spirit:vendorExtensions>
			</spirit:port>
			<spirit:port>
				<spirit:name>BUFGCE_I</spirit:name>
				<spirit:wire>
					<spirit:direction>in</spirit:direction>
					<spirit:vector>
						<spirit:left spirit:format="long"
								spirit:resolve="dependent"
								spirit:dependency="(spirit:decode(id(&apos;MODELPARAM_VALUE.C_SIZE&apos;)) - 1)">0</spirit:left>
						<spirit:right spirit:format="long"
								spirit:resolve="immediate">0</spirit:right>
					</spirit:vector>
					<spirit:wireTypeDefs>
						<spirit:wireTypeDef>
							<spirit:typeName>std_logic_vector</spirit:typeName>
							<spirit:viewNameRef>xilinx_vhdlsynthesis</spirit:viewNameRef>
							<spirit:viewNameRef>xilinx_vhdlbehavioralsimulation</spirit:viewNameRef>
						</spirit:wireTypeDef>
					</spirit:wireTypeDefs>
					<spirit:driver>
						<spirit:defaultValue>0</spirit:defaultValue>
					</spirit:driver>
				</spirit:wire>
				<spirit:vendorExtensions>
					<xilinx:portInfo>
						<xilinx:enablement>
							<xilinx:presence>optional</xilinx:presence>
							<xilinx:isEnabled xilinx:resolve="dependent"
									xilinx:dependency="spirit:decode(id(&apos;MODELPARAM_VALUE.C_BUF_TYPE&apos;)) = &apos;BUFGCE&apos;">false</xilinx:isEnabled>
						</xilinx:enablement>
					</xilinx:portInfo>
				</spirit:vendorExtensions>
			</spirit:port>
			<spirit:port>
				<spirit:name>BUFGCE_CE</spirit:name>
				<spirit:wire>
					<spirit:direction>in</spirit:direction>
					<spirit:vector>
						<spirit:left spirit:format="long"
								spirit:resolve="dependent"
								spirit:dependency="(spirit:decode(id(&apos;MODELPARAM_VALUE.C_SIZE&apos;)) - 1)">0</spirit:left>
						<spirit:right spirit:format="long"
								spirit:resolve="immediate">0</spirit:right>
					</spirit:vector>
					<spirit:wireTypeDefs>
						<spirit:wireTypeDef>
							<spirit:typeName>std_logic_vector</spirit:typeName>
							<spirit:viewNameRef>xilinx_vhdlsynthesis</spirit:viewNameRef>
							<spirit:viewNameRef>xilinx_vhdlbehavioralsimulation</spirit:viewNameRef>
						</spirit:wireTypeDef>
					</spirit:wireTypeDefs>
					<spirit:driver>
						<spirit:defaultValue>0</spirit:defaultValue>
					</spirit:driver>
				</spirit:wire>
				<spirit:vendorExtensions>
					<xilinx:portInfo>
						<xilinx:enablement>
							<xilinx:presence>optional</xilinx:presence>
							<xilinx:isEnabled xilinx:resolve="dependent"
									xilinx:dependency="spirit:decode(id(&apos;MODELPARAM_VALUE.C_BUF_TYPE&apos;)) = &apos;BUFGCE&apos;">false</xilinx:isEnabled>
						</xilinx:enablement>
					</xilinx:portInfo>
				</spirit:vendorExtensions>
			</spirit:port>
			<spirit:port>
				<spirit:name>BUFGCE_O</spirit:name>
				<spirit:wire>
					<spirit:direction>out</spirit:direction>
					<spirit:vector>
						<spirit:left spirit:format="long"
								spirit:resolve="dependent"
								spirit:dependency="(spirit:decode(id(&apos;MODELPARAM_VALUE.C_SIZE&apos;)) - 1)">0</spirit:left>
						<spirit:right spirit:format="long"
								spirit:resolve="immediate">0</spirit:right>
					</spirit:vector>
					<spirit:wireTypeDefs>
						<spirit:wireTypeDef>
							<spirit:typeName>std_logic_vector</spirit:typeName>
							<spirit:viewNameRef>xilinx_vhdlsynthesis</spirit:viewNameRef>
							<spirit:viewNameRef>xilinx_vhdlbehavioralsimulation</spirit:viewNameRef>
						</spirit:wireTypeDef>
					</spirit:wireTypeDefs>
				</spirit:wire>
				<spirit:vendorExtensions>
					<xilinx:portInfo>
						<xilinx:enablement>
							<xilinx:presence>optional</xilinx:presence>
							<xilinx:isEnabled xilinx:resolve="dependent"
									xilinx:dependency="spirit:decode(id(&apos;MODELPARAM_VALUE.C_BUF_TYPE&apos;)) = &apos;BUFGCE&apos;">false</xilinx:isEnabled>
						</xilinx:enablement>
					</xilinx:portInfo>
				</spirit:vendorExtensions>
			</spirit:port>
			<spirit:port>
				<spirit:name>BUFH_I</spirit:name>
				<spirit:wire>
					<spirit:direction>in</spirit:direction>
					<spirit:vector>
						<spirit:left spirit:format="long"
								spirit:resolve="dependent"
								spirit:dependency="(spirit:decode(id(&apos;MODELPARAM_VALUE.C_SIZE&apos;)) - 1)">0</spirit:left>
						<spirit:right spirit:format="long"
								spirit:resolve="immediate">0</spirit:right>
					</spirit:vector>
					<spirit:wireTypeDefs>
						<spirit:wireTypeDef>
							<spirit:typeName>std_logic_vector</spirit:typeName>
							<spirit:viewNameRef>xilinx_vhdlsynthesis</spirit:viewNameRef>
							<spirit:viewNameRef>xilinx_vhdlbehavioralsimulation</spirit:viewNameRef>
						</spirit:wireTypeDef>
					</spirit:wireTypeDefs>
					<spirit:driver>
						<spirit:defaultValue>0</spirit:defaultValue>
					</spirit:driver>
				</spirit:wire>
				<spirit:vendorExtensions>
					<xilinx:portInfo>
						<xilinx:enablement>
							<xilinx:presence>optional</xilinx:presence>
							<xilinx:isEnabled xilinx:resolve="dependent"
									xilinx:dependency="spirit:decode(id(&apos;MODELPARAM_VALUE.C_BUF_TYPE&apos;)) = &apos;BUFH&apos;">false</xilinx:isEnabled>
						</xilinx:enablement>
					</xilinx:portInfo>
				</spirit:vendorExtensions>
			</spirit:port>
			<spirit:port>
				<spirit:name>BUFH_O</spirit:name>
				<spirit:wire>
					<spirit:direction>out</spirit:direction>
					<spirit:vector>
						<spirit:left spirit:format="long"
								spirit:resolve="dependent"
								spirit:dependency="(spirit:decode(id(&apos;MODELPARAM_VALUE.C_SIZE&apos;)) - 1)">0</spirit:left>
						<spirit:right spirit:format="long"
								spirit:resolve="immediate">0</spirit:right>
					</spirit:vector>
					<spirit:wireTypeDefs>
						<spirit:wireTypeDef>
							<spirit:typeName>std_logic_vector</spirit:typeName>
							<spirit:viewNameRef>xilinx_vhdlsynthesis</spirit:viewNameRef>
							<spirit:viewNameRef>xilinx_vhdlbehavioralsimulation</spirit:viewNameRef>
						</spirit:wireTypeDef>
					</spirit:wireTypeDefs>
				</spirit:wire>
				<spirit:vendorExtensions>
					<xilinx:portInfo>
						<xilinx:enablement>
							<xilinx:presence>optional</xilinx:presence>
							<xilinx:isEnabled xilinx:resolve="dependent"
									xilinx:dependency="spirit:decode(id(&apos;MODELPARAM_VALUE.C_BUF_TYPE&apos;)) = &apos;BUFH&apos;">false</xilinx:isEnabled>
						</xilinx:enablement>
					</xilinx:portInfo>
				</spirit:vendorExtensions>
			</spirit:port>
			<spirit:port>
				<spirit:name>BUFHCE_I</spirit:name>
				<spirit:wire>
					<spirit:direction>in</spirit:direction>
					<spirit:vector>
						<spirit:left spirit:format="long"
								spirit:resolve="dependent"
								spirit:dependency="(spirit:decode(id(&apos;MODELPARAM_VALUE.C_SIZE&apos;)) - 1)">0</spirit:left>
						<spirit:right spirit:format="long"
								spirit:resolve="immediate">0</spirit:right>
					</spirit:vector>
					<spirit:wireTypeDefs>
						<spirit:wireTypeDef>
							<spirit:typeName>std_logic_vector</spirit:typeName>
							<spirit:viewNameRef>xilinx_vhdlsynthesis</spirit:viewNameRef>
							<spirit:viewNameRef>xilinx_vhdlbehavioralsimulation</spirit:viewNameRef>
						</spirit:wireTypeDef>
					</spirit:wireTypeDefs>
					<spirit:driver>
						<spirit:defaultValue>0</spirit:defaultValue>
					</spirit:driver>
				</spirit:wire>
				<spirit:vendorExtensions>
					<xilinx:portInfo>
						<xilinx:enablement>
							<xilinx:presence>optional</xilinx:presence>
							<xilinx:isEnabled xilinx:resolve="dependent"
									xilinx:dependency="spirit:decode(id(&apos;MODELPARAM_VALUE.C_BUF_TYPE&apos;)) = &apos;BUFHCE&apos;">false</xilinx:isEnabled>
						</xilinx:enablement>
					</xilinx:portInfo>
				</spirit:vendorExtensions>
			</spirit:port>
			<spirit:port>
				<spirit:name>BUFHCE_CE</spirit:name>
				<spirit:wire>
					<spirit:direction>in</spirit:direction>
					<spirit:vector>
						<spirit:left spirit:format="long"
								spirit:resolve="dependent"
								spirit:dependency="(spirit:decode(id(&apos;MODELPARAM_VALUE.C_SIZE&apos;)) - 1)">0</spirit:left>
						<spirit:right spirit:format="long"
								spirit:resolve="immediate">0</spirit:right>
					</spirit:vector>
					<spirit:wireTypeDefs>
						<spirit:wireTypeDef>
							<spirit:typeName>std_logic_vector</spirit:typeName>
							<spirit:viewNameRef>xilinx_vhdlsynthesis</spirit:viewNameRef>
							<spirit:viewNameRef>xilinx_vhdlbehavioralsimulation</spirit:viewNameRef>
						</spirit:wireTypeDef>
					</spirit:wireTypeDefs>
					<spirit:driver>
						<spirit:defaultValue>0</spirit:defaultValue>
					</spirit:driver>
				</spirit:wire>
				<spirit:vendorExtensions>
					<xilinx:portInfo>
						<xilinx:enablement>
							<xilinx:presence>optional</xilinx:presence>
							<xilinx:isEnabled xilinx:resolve="dependent"
									xilinx:dependency="spirit:decode(id(&apos;MODELPARAM_VALUE.C_BUF_TYPE&apos;)) = &apos;BUFHCE&apos;">false</xilinx:isEnabled>
						</xilinx:enablement>
					</xilinx:portInfo>
				</spirit:vendorExtensions>
			</spirit:port>
			<spirit:port>
				<spirit:name>BUFHCE_O</spirit:name>
				<spirit:wire>
					<spirit:direction>out</spirit:direction>
					<spirit:vector>
						<spirit:left spirit:format="long"
								spirit:resolve="dependent"
								spirit:dependency="(spirit:decode(id(&apos;MODELPARAM_VALUE.C_SIZE&apos;)) - 1)">0</spirit:left>
						<spirit:right spirit:format="long"
								spirit:resolve="immediate">0</spirit:right>
					</spirit:vector>
					<spirit:wireTypeDefs>
						<spirit:wireTypeDef>
							<spirit:typeName>std_logic_vector</spirit:typeName>
							<spirit:viewNameRef>xilinx_vhdlsynthesis</spirit:viewNameRef>
							<spirit:viewNameRef>xilinx_vhdlbehavioralsimulation</spirit:viewNameRef>
						</spirit:wireTypeDef>
					</spirit:wireTypeDefs>
				</spirit:wire>
				<spirit:vendorExtensions>
					<xilinx:portInfo>
						<xilinx:enablement>
							<xilinx:presence>optional</xilinx:presence>
							<xilinx:isEnabled xilinx:resolve="dependent"
									xilinx:dependency="spirit:decode(id(&apos;MODELPARAM_VALUE.C_BUF_TYPE&apos;)) = &apos;BUFHCE&apos;">false</xilinx:isEnabled>
						</xilinx:enablement>
					</xilinx:portInfo>
				</spirit:vendorExtensions>
			</spirit:port>
		</spirit:ports>
		<spirit:modelParameters>
			<spirit:modelParameter xsi:type="spirit:nameValueTypeType"
					spirit:dataType="string">
				<spirit:name>C_BUF_TYPE</spirit:name>
				<spirit:displayName>C Buf Type</spirit:displayName>
				<spirit:value spirit:format="string"
						spirit:resolve="generated"
						spirit:id="MODELPARAM_VALUE.C_BUF_TYPE">BUFG</spirit:value>
			</spirit:modelParameter>
			<spirit:modelParameter spirit:dataType="integer">
				<spirit:name>C_SIZE</spirit:name>
				<spirit:displayName>C Size</spirit:displayName>
				<spirit:value spirit:format="long"
						spirit:resolve="generated"
						spirit:id="MODELPARAM_VALUE.C_SIZE">1</spirit:value>
			</spirit:modelParameter>
		</spirit:modelParameters>
	</spirit:model>
	<spirit:choices>
		<spirit:choice>
			<spirit:name>choices_0</spirit:name>
			<spirit:enumeration>IBUFDS</spirit:enumeration>
			<spirit:enumeration>OBUFDS</spirit:enumeration>
			<spirit:enumeration>IOBUFDS</spirit:enumeration>
			<spirit:enumeration>IBUFDSGTE</spirit:enumeration>
			<spirit:enumeration>BUFG</spirit:enumeration>
			<spirit:enumeration>BUFH</spirit:enumeration>
			<spirit:enumeration>BUFGCE</spirit:enumeration>
			<spirit:enumeration>BUFHCE</spirit:enumeration>
		</spirit:choice>
	</spirit:choices>
	<spirit:fileSets>
		<spirit:fileSet>
			<spirit:name>xilinx_veriloginstantiationtemplate_view_fileset</spirit:name>
			<spirit:file>
				<spirit:name>MIPSfpga_system_util_ds_buf_0_0.veo</spirit:name>
				<spirit:userFileType>verilogTemplate</spirit:userFileType>
			</spirit:file>
		</spirit:fileSet>
		<spirit:fileSet>
			<spirit:name>xilinx_vhdlsynthesis_view_fileset</spirit:name>
			<spirit:file>
				<spirit:name>../../../../ipshared/xilinx.com/util_ds_buf_v2_1/53fd56ac/hdl/vhdl/util_ds_buf.vhd</spirit:name>
				<spirit:fileType>vhdlSource</spirit:fileType>
				<spirit:logicalName>util_ds_buf_v2_01_a</spirit:logicalName>
			</spirit:file>
		</spirit:fileSet>
		<spirit:fileSet>
			<spirit:name>xilinx_vhdlsynthesiswrapper_view_fileset</spirit:name>
			<spirit:file>
				<spirit:name>synth/MIPSfpga_system_util_ds_buf_0_0.vhd</spirit:name>
				<spirit:fileType>vhdlSource</spirit:fileType>
				<spirit:logicalName>xil_defaultlib</spirit:logicalName>
			</spirit:file>
		</spirit:fileSet>
		<spirit:fileSet>
			<spirit:name>xilinx_vhdlbehavioralsimulation_view_fileset</spirit:name>
			<spirit:file>
				<spirit:name>../../../../ipshared/xilinx.com/util_ds_buf_v2_1/53fd56ac/hdl/vhdl/util_ds_buf.vhd</spirit:name>
				<spirit:fileType>vhdlSource</spirit:fileType>
				<spirit:logicalName>util_ds_buf_v2_01_a</spirit:logicalName>
			</spirit:file>
		</spirit:fileSet>
		<spirit:fileSet>
			<spirit:name>xilinx_vhdlsimulationwrapper_view_fileset</spirit:name>
			<spirit:file>
				<spirit:name>sim/MIPSfpga_system_util_ds_buf_0_0.vhd</spirit:name>
				<spirit:fileType>vhdlSource</spirit:fileType>
				<spirit:logicalName>xil_defaultlib</spirit:logicalName>
			</spirit:file>
		</spirit:fileSet>
		<spirit:fileSet>
			<spirit:name>xilinx_versioninformation_view_fileset</spirit:name>
			<spirit:file>
				<spirit:name>doc/util_ds_buf_v2_1_changelog.txt</spirit:name>
				<spirit:userFileType>text</spirit:userFileType>
			</spirit:file>
		</spirit:fileSet>
	</spirit:fileSets>
	<spirit:description>Utility ip for instantiating various Buffers, such as BUFG, differential IO Buffers etc.</spirit:description>
	<spirit:parameters>
		<spirit:parameter>
			<spirit:name>C_SIZE</spirit:name>
			<spirit:displayName>C Size</spirit:displayName>
			<spirit:value spirit:format="long"
					spirit:resolve="user"
					spirit:id="PARAM_VALUE.C_SIZE"
					spirit:order="1100"
					spirit:minimum="1"
					spirit:maximum="128">1</spirit:value>
		</spirit:parameter>
		<spirit:parameter>
			<spirit:name>C_BUF_TYPE</spirit:name>
			<spirit:displayName>C Buf Type</spirit:displayName>
			<spirit:value spirit:format="string"
					spirit:resolve="user"
					spirit:id="PARAM_VALUE.C_BUF_TYPE"
					spirit:choiceRef="choices_0"
					spirit:order="1200"
					spirit:configGroups="0 UnGrouped comboBox">BUFG</spirit:value>
		</spirit:parameter>
		<spirit:parameter>
			<spirit:name>Component_Name</spirit:name>
			<spirit:value spirit:resolve="user"
					spirit:id="PARAM_VALUE.Component_Name"
					spirit:order="1">MIPSfpga_system_util_ds_buf_0_0</spirit:value>
		</spirit:parameter>
	</spirit:parameters>
	<spirit:vendorExtensions>
		<xilinx:coreExtensions>
			<xilinx:supportedFamilies>
				<xilinx:family xilinx:lifeCycle="Production">aartix7</xilinx:family>
				<xilinx:family xilinx:lifeCycle="Production">artix7l</xilinx:family>
				<xilinx:family xilinx:lifeCycle="Production">azynq</xilinx:family>
				<xilinx:family xilinx:lifeCycle="Production">artix7</xilinx:family>
				<xilinx:family xilinx:lifeCycle="Production">kintex7l</xilinx:family>
				<xilinx:family xilinx:lifeCycle="Production">qartix7</xilinx:family>
				<xilinx:family xilinx:lifeCycle="Production">qkintex7</xilinx:family>
				<xilinx:family xilinx:lifeCycle="Production">qkintex7l</xilinx:family>
				<xilinx:family xilinx:lifeCycle="Production">qvirtex7</xilinx:family>
				<xilinx:family xilinx:lifeCycle="Production">qzynq</xilinx:family>
				<xilinx:family xilinx:lifeCycle="Production">virtex7</xilinx:family>
				<xilinx:family xilinx:lifeCycle="Production">zynq</xilinx:family>
				<xilinx:family xilinx:lifeCycle="Production">kintex7</xilinx:family>
				<xilinx:family xilinx:lifeCycle="Production">kintexu</xilinx:family>
				<xilinx:family xilinx:lifeCycle="Production">virtexu</xilinx:family>
			</xilinx:supportedFamilies>
			<xilinx:taxonomies>
				<xilinx:taxonomy>/BaseIP</xilinx:taxonomy>
			</xilinx:taxonomies>
			<xilinx:displayName>Utility Buffer</xilinx:displayName>
			<xilinx:designToolContexts>
				<xilinx:designToolContext>IPI</xilinx:designToolContext>
			</xilinx:designToolContexts>
			<xilinx:vendorDisplayName>Xilinx Inc.</xilinx:vendorDisplayName>
			<xilinx:vendorURL>http://www.xilinx.com</xilinx:vendorURL>
			<xilinx:coreRevision>0</xilinx:coreRevision>
			<xilinx:coreCreationDateTime>2015-03-11T23:30:22Z</xilinx:coreCreationDateTime>
			<xilinx:tags>
				<xilinx:tag xilinx:name="pcore">1</xilinx:tag>
			</xilinx:tags>
			<xilinx:configElementInfos>
				<xilinx:configElementInfo xilinx:referenceId="PARAM_VALUE.C_BUF_TYPE"
						xilinx:valueSource="user"/>
			</xilinx:configElementInfos>
		</xilinx:coreExtensions>
		<xilinx:packagingInfo>
			<xilinx:xilinxVersion>2015.1</xilinx:xilinxVersion>
			<xilinx:checksum xilinx:scope="fileGroups"
					xilinx:value="7e492bca"/>
			<xilinx:checksum xilinx:scope="ports"
					xilinx:value="396353b6"/>
			<xilinx:checksum xilinx:scope="hdlParameters"
					xilinx:value="7a8fb115"/>
			<xilinx:checksum xilinx:scope="parameters"
					xilinx:value="9695830e"/>
		</xilinx:packagingInfo>
	</spirit:vendorExtensions>
</spirit:component>